ABBOTT, HARVEY LESLIE:HANSON, DENIS
ABBOTT, HARVEY LESLIE:MEIR, AMRAM*
ABBOTT, HARVEY LESLIE:MOON, JOHN WESLEY
ABBOTT, HARVEY LESLIE:MOSER, LEO*
ABBOTT, HARVEY LESLIE:SAUER, NORBERT W.
ABBOTT, HARVEY LESLIE:SIMMONS, GUSTAVUS JAMES
ABBOTT, HARVEY LESLIE:SUBBARAO, MATUKUMALLI VENKATA*
ACZEL, JANOS DEZSO*:RENYI, ALFRED A.*
ACZEL, JANOS DEZSO*:STRAUS, ERNST GABOR*
AGOH, TAKASHI:GRANVILLE, ANDREW JAMES
AHARONI, RON:ALON, NOGA MORDECHAI
AHARONI, RON:HAJNAL, ANDRAS*
AHARONI, RON:HOFFMAN, ALAN JEROME
AHARONI, RON:HOLZMAN, RON
AHARONI, RON:KOMJATH, PETER
AHARONI, RON:KRIVELEVICH, MICHAEL
AHARONI, RON:LINIAL, NATHAN
AHARONI, RON:LOEBL, MARTIN
AHARONI, RON:MAGIDOR, MENACHEM
AHARONI, RON:MILNER, ERIC CHARLES*
AHARONI, RON:SHELAH, SAHARON
AHARONI, RON:THOMASSEN, CARSTEN
AIGNER, MARTIN S.:GRIESER, DANIEL
AIGNER, MARTIN S.:KLEITMAN, DANIEL J.
AIGNER, MARTIN S.:PRINS, GEERT CALEB ERNST*
AIGNER, MARTIN S.:TUZA, ZSOLT
AIGNER, MARTIN S.:WEST, DOUGLAS BRENT
AJTAI, MIKLOS:ALON, NOGA MORDECHAI
AJTAI, MIKLOS:BABAI, LASZLO
AJTAI, MIKLOS:CHVATAL, VACLAV (VASEK)
AJTAI, MIKLOS:KOMLOS, JANOS
AJTAI, MIKLOS:LINIAL, NATHAN
AJTAI, MIKLOS:RODL, VOJTECH
AJTAI, MIKLOS:SCHULMAN, LEONARD J. Y.
AJTAI, MIKLOS:SPENCER, JOEL HAROLD
AJTAI, MIKLOS:SZEMEREDI, ENDRE
ALAVI, YOUSEF*:BEHZAD, MEHDI^1
ALAVI, YOUSEF*:BOALS, ALFRED JOHN
ALAVI, YOUSEF*:CHARTRAND, GARY THEODORE
ALAVI, YOUSEF*:CHUNG, FAN RONG KING (GRAHAM)
ALAVI, YOUSEF*:GRAHAM, RONALD LEWIS*
ALAVI, YOUSEF*:LAM, PETER CHE BOR
ALAVI, YOUSEF*:LICK, DON RAYMOND
ALAVI, YOUSEF*:LIU, JIUQIANG
ALAVI, YOUSEF*:MALDE, PARESH J.
ALAVI, YOUSEF*:MCCANNA, JOSEPH EDWARD, III
ALAVI, YOUSEF*:OELLERMANN, ORTRUD R.
ALAVI, YOUSEF*:SCHWENK, ALLEN JOHN CARL
ALAVI, YOUSEF*:SWART, HENDRIKA CORNELIA SCOTT (HENDA)*
ALAVI, YOUSEF*:THOMASSEN, CARSTEN
ALAVI, YOUSEF*:WANG, JIAN-FANG
ALLADI, KRISHNASWAMI:GORDON, BASIL*
ALLADI, KRISHNASWAMI:HOGGATT, VERNER EMIL, JR.*
ALLADI, KRISHNASWAMI:VAALER, JEFFREY DAVID
ALON, NOGA MORDECHAI:ARONOV, BORIS
ALON, NOGA MORDECHAI:BABAI, LASZLO
ALON, NOGA MORDECHAI:BARAK, AMNON B.
ALON, NOGA MORDECHAI:BOLLOBAS, BELA
ALON, NOGA MORDECHAI:BUTLER, STEVEN KAY
ALON, NOGA MORDECHAI:CHUNG, FAN RONG KING (GRAHAM)
ALON, NOGA MORDECHAI:CHVATAL, VACLAV (VASEK)
ALON, NOGA MORDECHAI:COLBOURN, CHARLES JOSEPH
ALON, NOGA MORDECHAI:DUKE, RICHARD ALTER*
ALON, NOGA MORDECHAI:FAUDREE, RALPH JASPER, JR.*
ALON, NOGA MORDECHAI:FRANKL, PETER
ALON, NOGA MORDECHAI:FREIMAN, GREGORY ABELEVICH
ALON, NOGA MORDECHAI:FUREDI, ZOLTAN
ALON, NOGA MORDECHAI:GRAHAM, RONALD LEWIS*
ALON, NOGA MORDECHAI:GRANVILLE, ANDREW JAMES
ALON, NOGA MORDECHAI:GUNDERSON, DAVID SHANE
ALON, NOGA MORDECHAI:GYARFAS, ANDRAS
ALON, NOGA MORDECHAI:GYORI, ERVIN
ALON, NOGA MORDECHAI:HAJNAL, ANDRAS*
ALON, NOGA MORDECHAI:HAMBURGER, PETER
ALON, NOGA MORDECHAI:HOLZMAN, RON
ALON, NOGA MORDECHAI:JANSON, SVANTE
ALON, NOGA MORDECHAI:KIERSTEAD, HENRY ANDREW^1
ALON, NOGA MORDECHAI:KLEITMAN, DANIEL J.
ALON, NOGA MORDECHAI:KOHAYAKAWA, YOSHIHARU
ALON, NOGA MORDECHAI:KOSTOCHKA, ALEXANDR V.
ALON, NOGA MORDECHAI:KRIVELEVICH, MICHAEL
ALON, NOGA MORDECHAI:LEFMANN, HANNO
ALON, NOGA MORDECHAI:LEHEL, JENO
ALON, NOGA MORDECHAI:LINIAL, NATHAN
ALON, NOGA MORDECHAI:LOEBL, MARTIN
ALON, NOGA MORDECHAI:LOVASZ, LASZLO
ALON, NOGA MORDECHAI:LUCZAK, TOMASZ
ALON, NOGA MORDECHAI:MAUDUIT, CHRISTIAN*
ALON, NOGA MORDECHAI:MCKAY, BRENDAN DAMIEN
ALON, NOGA MORDECHAI:MOLLOY, MICHAEL SEAN O'BRIEN
ALON, NOGA MORDECHAI:NATHANSON, MELVYN BERNARD
ALON, NOGA MORDECHAI:NESETRIL, JAROSLAV
ALON, NOGA MORDECHAI:ODLYZKO, ANDREW MICHAEL
ALON, NOGA MORDECHAI:PACH, JANOS
ALON, NOGA MORDECHAI:POMERANCE, CARL BERNARD
ALON, NOGA MORDECHAI:RODL, VOJTECH
ALON, NOGA MORDECHAI:RUSZINKO, MIKLOS
ALON, NOGA MORDECHAI:RUZSA, IMRE Z.
ALON, NOGA MORDECHAI:SAKS, MICHAEL EZRA
ALON, NOGA MORDECHAI:SPENCER, JOEL HAROLD
ALON, NOGA MORDECHAI:SZEGEDY, MARIO
ALON, NOGA MORDECHAI:SZEKELY, LASZLO ALADAR
ALON, NOGA MORDECHAI:SZEMEREDI, ENDRE
ALON, NOGA MORDECHAI:TETALI, PRASAD VENKATA SITARAMA VARA
ALON, NOGA MORDECHAI:THOMASSEN, CARSTEN
ALON, NOGA MORDECHAI:TROTTER, WILLIAM THOMAS, JR.
ALON, NOGA MORDECHAI:TUZA, ZSOLT
ALON, NOGA MORDECHAI:WEST, DOUGLAS BRENT
ALON, NOGA MORDECHAI:WINKLER, PETER MANN
ALON, NOGA MORDECHAI:WORMALD, NICHOLAS CHARLES
ANDERSON, JAMES MILNE*:CLUNIE, JAMES GOURLAY*
ANDERSON, JAMES MILNE*:FUCHS, WOLFGANG HEINRICH JOHANNES*
ANDERSON, JAMES MILNE*:NEWMAN, DONALD JOSEPH*
ANDERSON, JAMES MILNE*:PINKUS, ALLAN MARK
ANDERSON, JAMES MILNE*:RUBEL, LEE ALBERT*
ANDERSON, JAMES MILNE*:SHAPIRO, HAROLD SEYMOUR
ANDERSON, JAMES MILNE*:SHIELDS, ALLEN LOWELL*
ANDERSON, JAMES MILNE*:SHISHA, OVED*
ANDRASFAI, BELA:SOS, VERA TURAN
ANKENY, NESMITH CORNETT*:CHOWLA, SARVADAMAN D. S.*
ANKENY, NESMITH CORNETT*:ROGERS, CLAUDE AMBROSE*
ARKIN, JOSEPH*:ARNEY, DAVID CHRISTOPHER
ARKIN, JOSEPH*:BURR, STEFAN ANDRUS
ARKIN, JOSEPH*:HOGGATT, VERNER EMIL, JR.*
ARKIN, JOSEPH*:POLLACK, RICHARD M.*
ARKIN, JOSEPH*:STRAUS, ERNST GABOR*
ARNEY, DAVID CHRISTOPHER:BURR, STEFAN ANDRUS
ARONOV, BORIS:GODDARD, WAYNE DEAN
ARONOV, BORIS:KLEITMAN, DANIEL J.
ARONOV, BORIS:KLUGERMAN, MICHAEL RICHARD
ARONOV, BORIS:PACH, JANOS
ARONOV, BORIS:POLLACK, RICHARD M.*
ARONOV, BORIS:SCHULMAN, LEONARD J. Y.
ASH, J. MARSHALL:JANSON, SVANTE
ASH, J. MARSHALL:RUBEL, LEE ALBERT*
ASH, J. MARSHALL:SAFFARI, BAHMAN
ASH, J. MARSHALL:SCHWENK, ALLEN JOHN CARL
AVIS, DAVID MICHAEL:CHVATAL, VACLAV (VASEK)
AVIS, DAVID MICHAEL:DEZA, MICHEL-MARIE*
AVIS, DAVID MICHAEL:PACH, JANOS
BABAI, LASZLO:CAMERON, PETER JEPHSON
BABAI, LASZLO:CHUNG, FAN RONG KING (GRAHAM)
BABAI, LASZLO:DEZA, MICHEL-MARIE*
BABAI, LASZLO:FRANKL, PETER
BABAI, LASZLO:GODSIL, CHRISTOPHER DAVID
BABAI, LASZLO:GRAHAM, RONALD LEWIS*
BABAI, LASZLO:KOMLOS, JANOS
BABAI, LASZLO:LOVASZ, LASZLO
BABAI, LASZLO:MATE, ATTILA
BABAI, LASZLO:MORAN, SHLOMO
BABAI, LASZLO:NESETRIL, JAROSLAV
BABAI, LASZLO:PALFY, PETER PAL
BABAI, LASZLO:PHELPS, KEVIN THOMAS
BABAI, LASZLO:PYBER, LASZLO
BABAI, LASZLO:RODL, VOJTECH
BABAI, LASZLO:SELKOW, STANLEY MELVYN
BABAI, LASZLO:SERESS, AKOS*
BABAI, LASZLO:SIMONOVITS, MIKLOS
BABAI, LASZLO:SINGHI, NAVIN MADHAVPRASAD
BABAI, LASZLO:SOS, VERA TURAN
BABAI, LASZLO:SPENCER, JOEL HAROLD
BABAI, LASZLO:SZEGEDY, MARIO
BABAI, LASZLO:SZEMEREDI, ENDRE
BABAI, LASZLO:WILSON, RICHARD MICHAEL
BABU, GUTTI JOGESH:RAMACHANDRA, KANAKANAHALLI*
BAGEMIHL, FREDERICK*:GILLMAN, LEONARD*
BAGEMIHL, FREDERICK*:PIRANIAN, GEORGE*
BAGEMIHL, FREDERICK*:SEIDEL, WLADIMIR P.*
BALOG, ANTAL:DESHOUILLERS, JEAN-MARC
BALOG, ANTAL:GRANVILLE, ANDREW JAMES
BALOG, ANTAL:HARCOS, GERGELY
BALOG, ANTAL:POMERANCE, CARL BERNARD
BALOG, ANTAL:PYBER, LASZLO
BALOG, ANTAL:RUZSA, IMRE Z.
BALOG, ANTAL:SARKOZY, ANDRAS
BALOG, ANTAL:SZEMEREDI, ENDRE
BALOG, ANTAL:TENENBAUM, GERALD
BANKOFF, LEON*:KLAMKIN, MURRAY SEYMOUR*
BATEMAN, PAUL TREVIER*:CHOWLA, SARVADAMAN D. S.*
BATEMAN, PAUL TREVIER*:DIAMOND, HAROLD GEORGE
BATEMAN, PAUL TREVIER*:HILDEBRAND, ADOLF J.
BATEMAN, PAUL TREVIER*:POMERANCE, CARL BERNARD
BATEMAN, PAUL TREVIER*:PURDY, GEORGE BARRY*
BATEMAN, PAUL TREVIER*:SELFRIDGE, JOHN LEWIS*
BATEMAN, PAUL TREVIER*:STRAUS, ERNST GABOR*
BATEMAN, PAUL TREVIER*:VAUGHAN, ROBERT CHARLES
BATEMAN, PAUL TREVIER*:WAGSTAFF, SAMUEL STANDFIELD, JR.
BAUMGARTNER, JAMES EARL*:GALVIN, FREDERICK WILLIAM
BAUMGARTNER, JAMES EARL*:HAJNAL, ANDRAS*
BAUMGARTNER, JAMES EARL*:HIGGS, DENIS ARTHUR*
BAUMGARTNER, JAMES EARL*:KOMJATH, PETER
BAUMGARTNER, JAMES EARL*:LARSON, JEAN ANN
BAUMGARTNER, JAMES EARL*:MATE, ATTILA
BAUMGARTNER, JAMES EARL*:SHELAH, SAHARON
BAUMGARTNER, JAMES EARL*:TAYLOR, ALAN DANA
BEASLEY, LEROY B.:BRENNER, JOEL LEE*
BEASLEY, LEROY B.:DE CAEN, DOMINIQUE PAUL*
BEASLEY, LEROY B.:PULLMAN, NORMAN JAY*
BEASLEY, LEROY B.:SZALAY, MIHALY
BEASLEY, LEROY B.:WILLIAMSON, ALAN GLYNNE
BECK, ISTVAN:BEJLEGAARD, NIELS*
BECK, ISTVAN:FISHBURN, PETER CLINGERMAN
BEHZAD, MEHDI^1:CHARTRAND, GARY THEODORE
BEHZAD, MEHDI^1:HARARY, FRANK*
BEHZAD, MEHDI^1:LICK, DON RAYMOND
BEHZAD, MEHDI^1:LIU, JIUQIANG
BEJLEGAARD, NIELS*:FISHBURN, PETER CLINGERMAN
BERGELSON, VITALY:BLASS, ANDREAS RAPHAEL
BERGELSON, VITALY:DEUBER, WALTER A.*
BERGELSON, VITALY:HINDMAN, NEIL BRUCE
BERGELSON, VITALY:KOLESNIK, GRIGORI ABRAMOVICH
BERGELSON, VITALY:LEFMANN, HANNO
BERGELSON, VITALY:LUCZAK, TOMASZ
BERGELSON, VITALY:RUZSA, IMRE Z.
BERGER, MARC ARON:FELZENBAUM, ALEXANDER GERSH
BERGER, MARC ARON:FRAENKEL, AVIEZRI SIEGMUND
BERGER, MARC ARON:HOLZMAN, RON
BERTRAM, EDWARD ARTHUR:GORDON, BASIL*
BERTRAM, EDWARD ARTHUR:HERZOG, MARCEL
BERTRAM, EDWARD ARTHUR:HORAK, PETER
BERTRAM, EDWARD ARTHUR:SIRAN, JOZEF
BERTRAM, EDWARD ARTHUR:TUZA, ZSOLT
BIALOSTOCKI, ARIE:GYARFAS, ANDRAS
BIALOSTOCKI, ARIE:LEFMANN, HANNO
BIALOSTOCKI, ARIE:SAUER, NORBERT W.
BIALOSTOCKI, ARIE:SCHONHEIM, JOHANAN*
BLASS, ANDREAS RAPHAEL:HARARY, FRANK*
BLASS, ANDREAS RAPHAEL:HINDMAN, NEIL BRUCE
BLASS, ANDREAS RAPHAEL:SHELAH, SAHARON
BLASS, ANDREAS RAPHAEL:TAYLOR, ALAN DANA
BLASS, ANDREAS RAPHAEL:WEISS, GARY LYNN
BLECKSMITH, RICHARD FRED:BRILLHART, JOHN DAVID
BLECKSMITH, RICHARD FRED:SELFRIDGE, JOHN LEWIS*
BLEICHER, MICHAEL NATHANIEL:FEJES TOTH, LASZLO*
BOALS, ALFRED JOHN:CHARTRAND, GARY THEODORE
BOALS, ALFRED JOHN:OELLERMANN, ORTRUD R.
BOAS, RALPH PHILIP, JR.*:BRENNER, JOEL LEE*
BOAS, RALPH PHILIP, JR.*:BUCK, ROBERT CREIGHTON*
BOAS, RALPH PHILIP, JR.*:KAC, MARK*
BOAS, RALPH PHILIP, JR.*:KLAMKIN, MURRAY SEYMOUR*
BOAS, RALPH PHILIP, JR.*:POLLARD, HARRY*
BOAS, RALPH PHILIP, JR.*:REDDY, A. R.
BOES, DUANE CHARLES:DARST, RICHARD BRIAN
BOLLOBAS, BELA:CATLIN, PAUL ALLEN*
BOLLOBAS, BELA:CHUNG, FAN RONG KING (GRAHAM)
BOLLOBAS, BELA:CLARK, LANE HENRY
BOLLOBAS, BELA:DAYKIN, DAVID E.*
BOLLOBAS, BELA:FAUDREE, RALPH JASPER, JR.*
BOLLOBAS, BELA:FUREDI, ZOLTAN
BOLLOBAS, BELA:GRAHAM, RONALD LEWIS*
BOLLOBAS, BELA:GUY, RICHARD KENNETH*
BOLLOBAS, BELA:GYARFAS, ANDRAS
BOLLOBAS, BELA:GYORI, ERVIN
BOLLOBAS, BELA:HARARY, FRANK*
BOLLOBAS, BELA:HEGYVARI, NORBERT
BOLLOBAS, BELA:HELL, PAVOL
BOLLOBAS, BELA:HOBBS, ARTHUR MARMADUKE
BOLLOBAS, BELA:JANSON, SVANTE
BOLLOBAS, BELA:JIN, GUO PING
BOLLOBAS, BELA:KOHAYAKAWA, YOSHIHARU
BOLLOBAS, BELA:KOSTOCHKA, ALEXANDR V.
BOLLOBAS, BELA:KRIVELEVICH, MICHAEL
BOLLOBAS, BELA:LEHEL, JENO
BOLLOBAS, BELA:LOVASZ, LASZLO
BOLLOBAS, BELA:LUCZAK, TOMASZ
BOLLOBAS, BELA:MCKAY, BRENDAN DAMIEN
BOLLOBAS, BELA:MEIR, AMRAM*
BOLLOBAS, BELA:MILNER, ERIC CHARLES*
BOLLOBAS, BELA:NESETRIL, JAROSLAV
BOLLOBAS, BELA:PALMER, EDGAR MILAN*
BOLLOBAS, BELA:RODL, VOJTECH
BOLLOBAS, BELA:ROSENFELD, MOSHE^1
BOLLOBAS, BELA:ROUSSEAU, CECIL CLYDE, JR.*
BOLLOBAS, BELA:SAKS, MICHAEL EZRA
BOLLOBAS, BELA:SARKAR, AMITES
BOLLOBAS, BELA:SAUER, NORBERT W.
BOLLOBAS, BELA:SCHELP, RICHARD HERBERT*
BOLLOBAS, BELA:SIMONOVITS, MIKLOS
BOLLOBAS, BELA:SOS, VERA TURAN
BOLLOBAS, BELA:SPENCER, JOEL HAROLD
BOLLOBAS, BELA:STRAUS, ERNST GABOR*
BOLLOBAS, BELA:SZEMEREDI, ENDRE
BOLLOBAS, BELA:THOMASSEN, CARSTEN
BOLLOBAS, BELA:WEST, DOUGLAS BRENT
BOLLOBAS, BELA:WINKLER, PETER MANN
BOLLOBAS, BELA:WORMALD, NICHOLAS CHARLES
BONAR, DANIEL DONALD:CARROLL, FRANCIS WILLIAM
BONAR, DANIEL DONALD:PIRANIAN, GEORGE*
BONDY, JOHN ADRIAN:CHVATAL, VACLAV (VASEK)
BONDY, JOHN ADRIAN:ENTRINGER, ROGER CHARLES*
BONDY, JOHN ADRIAN:FAJTLOWICZ, SIEMION
BONDY, JOHN ADRIAN:HELL, PAVOL
BONDY, JOHN ADRIAN:HEMMINGER, ROBERT LOUIS
BONDY, JOHN ADRIAN:LOVASZ, LASZLO
BONDY, JOHN ADRIAN:SIMONOVITS, MIKLOS
BONDY, JOHN ADRIAN:STATON, WILLIAM ALFRED, III
BONDY, JOHN ADRIAN:THOMASSEN, CARSTEN
BONDY, JOHN ADRIAN:TUZA, ZSOLT
BONNET, ROBERT:SHELAH, SAHARON
BOROSH, ITSHAK:CHUI, CHARLES KAM-TAI
BOROSH, ITSHAK:FRAENKEL, AVIEZRI SIEGMUND
BOROSH, ITSHAK:HOBBS, ARTHUR MARMADUKE
BOSAK, JURAJ*:NESETRIL, JAROSLAV
BOSAK, JURAJ*:ROSA, ALEXANDER
BOVEY, JOHN D.:NIVEN, IVAN MORTON*
BOVEY, JOHN D.:WILLIAMSON, ALAN GLYNNE
BRENNER, JOEL LEE*:BROWN, WILLIAM GORDON
BRENNER, JOEL LEE*:MAYS, MICHAEL ELLSWORTH
BRENNER, JOEL LEE*:SZALAY, MIHALY
BRENNER, JOEL LEE*:WILLIAMSON, ALAN GLYNNE
BRILLHART, JOHN DAVID:MONTGOMERY, PETER LAWRENCE*
BRILLHART, JOHN DAVID:MORTON, RICHARD PATRICK
BRILLHART, JOHN DAVID:ODLYZKO, ANDREW MICHAEL
BRILLHART, JOHN DAVID:SELFRIDGE, JOHN LEWIS*
BRILLHART, JOHN DAVID:WAGSTAFF, SAMUEL STANDFIELD, JR.
BRINDZA, BELA*:GYORY, KALMAN
BRINDZA, BELA*:RUZSA, IMRE Z.
BRINDZA, BELA*:TIJDEMAN, ROBERT
BROWN, THOMAS CRAIG:CHUNG, FAN RONG KING (GRAHAM)
BROWN, THOMAS CRAIG:FREEDMAN, ALLEN ROY
BROWN, THOMAS CRAIG:GRAHAM, RONALD LEWIS*
BROWN, THOMAS CRAIG:HELL, PAVOL
BROWN, THOMAS CRAIG:RODL, VOJTECH
BROWN, WILLIAM GORDON:HARARY, FRANK*
BROWN, WILLIAM GORDON:MOON, JOHN WESLEY
BROWN, WILLIAM GORDON:SIMONOVITS, MIKLOS
BROWN, WILLIAM GORDON:SOS, VERA TURAN
BROWN, WILLIAM GORDON:TUTTE, WILLIAM THOMAS*
BUCK, ROBERT CREIGHTON*:POLLARD, HARRY*
BUKOR, JOZEF:SALAT, TIBOR*
BUKOR, JOZEF:TOTH, JANOS T.
BURR, STEFAN ANDRUS:DUKE, RICHARD ALTER*
BURR, STEFAN ANDRUS:FAUDREE, RALPH JASPER, JR.*
BURR, STEFAN ANDRUS:FRANKL, PETER
BURR, STEFAN ANDRUS:GOULD, RONALD JAMES
BURR, STEFAN ANDRUS:GRAHAM, RONALD LEWIS*
BURR, STEFAN ANDRUS:GRUNBAUM, BRANKO*
BURR, STEFAN ANDRUS:GYARFAS, ANDRAS
BURR, STEFAN ANDRUS:HARARY, FRANK*
BURR, STEFAN ANDRUS:JACOBSON, MICHAEL SCOTT
BURR, STEFAN ANDRUS:LI, WEN-CHING WINNIE
BURR, STEFAN ANDRUS:LOVASZ, LASZLO
BURR, STEFAN ANDRUS:NESETRIL, JAROSLAV
BURR, STEFAN ANDRUS:RODL, VOJTECH
BURR, STEFAN ANDRUS:ROUSSEAU, CECIL CLYDE, JR.*
BURR, STEFAN ANDRUS:SCHELP, RICHARD HERBERT*
BURR, STEFAN ANDRUS:SOS, VERA TURAN
BURR, STEFAN ANDRUS:SPENCER, JOEL HAROLD
BUTLER, STEVEN KAY:CHUNG, FAN RONG KING (GRAHAM)
BUTLER, STEVEN KAY:DIACONIS, PERSI WARREN
BUTLER, STEVEN KAY:GRAHAM, RONALD LEWIS*
CACCETTA, LOUIS:ORDMAN, EDWARD THORNE
CACCETTA, LOUIS:PULLMAN, NORMAN JAY*
CACCETTA, LOUIS:VIJAYAN, KAIPILLIL
CALKIN, NEIL JAMES:CAMERON, PETER JEPHSON
CALKIN, NEIL JAMES:CANFIELD, EARL RODNEY
CALKIN, NEIL JAMES:GRANVILLE, ANDREW JAMES
CALKIN, NEIL JAMES:MCKAY, BRENDAN DAMIEN
CALKIN, NEIL JAMES:TOVEY, CRAIG AARON
CAMERON, PETER JEPHSON:DAYKIN, DAVID E.*
CAMERON, PETER JEPHSON:DEZA, MICHEL-MARIE*
CAMERON, PETER JEPHSON:DRAKE, DAVID ALLYN
CAMERON, PETER JEPHSON:FON-DER-FLAASS, DMITRII GERMANOVICH*
CAMERON, PETER JEPHSON:FRANKL, PETER
CAMERON, PETER JEPHSON:NESETRIL, JAROSLAV
CAMERON, PETER JEPHSON:ODLYZKO, ANDREW MICHAEL
CAMERON, PETER JEPHSON:PALFY, PETER PAL
CAMERON, PETER JEPHSON:RICHMOND, LAWRENCE BRUCE
CAMERON, PETER JEPHSON:SINGHI, NAVIN MADHAVPRASAD
CAMERON, PETER JEPHSON:VAN LINT, JACOBUS HENDRICUS*
CAMERON, PETER JEPHSON:WORMALD, NICHOLAS CHARLES
CANFIELD, EARL RODNEY:GRANVILLE, ANDREW JAMES
CANFIELD, EARL RODNEY:JANSON, SVANTE
CANFIELD, EARL RODNEY:MAULDIN, RICHARD DANIEL
CANFIELD, EARL RODNEY:MCKAY, BRENDAN DAMIEN
CANFIELD, EARL RODNEY:POMERANCE, CARL BERNARD
CANFIELD, EARL RODNEY:RICHMOND, LAWRENCE BRUCE
CANFIELD, EARL RODNEY:ROBINSON, ROBERT WILLIAM
CANFIELD, EARL RODNEY:WORMALD, NICHOLAS CHARLES
CARROLL, FRANCIS WILLIAM:PIRANIAN, GEORGE*
CATER, FRANK SYDNEY:GALVIN, FREDERICK WILLIAM
CATES, MARSHALL LOUIS:HINDMAN, NEIL BRUCE
CATES, MARSHALL LOUIS:ROTHSCHILD, BRUCE LEE
CATLIN, PAUL ALLEN*:HOBBS, ARTHUR MARMADUKE
CATLIN, PAUL ALLEN*:PALMER, EDGAR MILAN*
CHALK, JOHN HENRY HOLLOWAY*:ROGERS, CLAUDE AMBROSE*
CHARTRAND, GARY THEODORE:CHUNG, FAN RONG KING (GRAHAM)
CHARTRAND, GARY THEODORE:GODDARD, WAYNE DEAN
CHARTRAND, GARY THEODORE:GOULD, RONALD JAMES
CHARTRAND, GARY THEODORE:GRAHAM, RONALD LEWIS*
CHARTRAND, GARY THEODORE:HARARY, FRANK*
CHARTRAND, GARY THEODORE:HEDETNIEMI, STEPHEN TRAVIS
CHARTRAND, GARY THEODORE:HENNING, MICHAEL ANTHONY
CHARTRAND, GARY THEODORE:HOBBS, ARTHUR MARMADUKE
CHARTRAND, GARY THEODORE:JACOBSON, MICHAEL SCOTT
CHARTRAND, GARY THEODORE:KUBICKA, EWA MARIA
CHARTRAND, GARY THEODORE:KUBICKI, GRZEGORZ M.
CHARTRAND, GARY THEODORE:LEHEL, JENO
CHARTRAND, GARY THEODORE:LICK, DON RAYMOND
CHARTRAND, GARY THEODORE:MCCANNA, JOSEPH EDWARD, III
CHARTRAND, GARY THEODORE:OELLERMANN, ORTRUD R.
CHARTRAND, GARY THEODORE:PALMER, EDGAR MILAN*
CHARTRAND, GARY THEODORE:PIPPERT, RAYMOND ELMER
CHARTRAND, GARY THEODORE:ROUSSEAU, CECIL CLYDE, JR.*
CHARTRAND, GARY THEODORE:SCHUSTER, SEYMOUR
CHARTRAND, GARY THEODORE:SCHWENK, ALLEN JOHN CARL
CHARTRAND, GARY THEODORE:SWART, HENDRIKA CORNELIA SCOTT (HENDA)*
CHARTRAND, GARY THEODORE:TUZA, ZSOLT
CHARTRAND, GARY THEODORE:WILSON, ROBIN JAMES
CHARTRAND, GARY THEODORE:WORMALD, NICHOLAS CHARLES
CHEN, CHUAN CHONG:CHVATAL, VACLAV (VASEK)
CHEN, CHUAN CHONG:DAYKIN, DAVID E.*
CHEN, CHUAN CHONG:HOLTON, DEREK ALLAN
CHEN, CHUAN CHONG:JIN, GUO PING
CHEN, GUANTAO:FAUDREE, RALPH JASPER, JR.*
CHEN, GUANTAO:GOULD, RONALD JAMES
CHEN, GUANTAO:GYARFAS, ANDRAS
CHEN, GUANTAO:HATTINGH, JOHANNES HENDRIK
CHEN, GUANTAO:JACOBSON, MICHAEL SCOTT
CHEN, GUANTAO:KOSTOCHKA, ALEXANDR V.
CHEN, GUANTAO:LASKAR, RENU CHAKRAVARTI
CHEN, GUANTAO:LEHEL, JENO
CHEN, GUANTAO:ORDMAN, EDWARD THORNE
CHEN, GUANTAO:ROUSSEAU, CECIL CLYDE, JR.*
CHEN, GUANTAO:SCHELP, RICHARD HERBERT*
CHEN, GUANTAO:SHREVE, WARREN EUGENE
CHEN, GUANTAO:STATON, WILLIAM ALFRED, III
CHEN, GUANTAO:WEST, DOUGLAS BRENT
CHEN, HANG^1:GODDARD, WAYNE DEAN
CHEN, HANG^1:MCCANNA, JOSEPH EDWARD, III
CHEN, HANG^1:SCHWENK, ALLEN JOHN CARL
CHEN, ROBERT W.:LI, WEN-CHING WINNIE
CHEN, ROBERT W.:ODLYZKO, ANDREW MICHAEL
CHINN, PHYLLIS ZWEIG:CHUNG, FAN RONG KING (GRAHAM)
CHINN, PHYLLIS ZWEIG:GRAHAM, RONALD LEWIS*
CHINN, PHYLLIS ZWEIG:HARARY, FRANK*
CHINN, PHYLLIS ZWEIG:HEDETNIEMI, STEPHEN TRAVIS
CHOI, SHIU LUN GODFREY:KOMLOS, JANOS
CHOI, SHIU LUN GODFREY:NATHANSON, MELVYN BERNARD
CHOI, SHIU LUN GODFREY:SZEMEREDI, ENDRE
CHOWLA, SARVADAMAN D. S.*:DAVENPORT, HAROLD*
CHOWLA, SARVADAMAN D. S.*:GUPTA, HANSRAJ*
CHOWLA, SARVADAMAN D. S.*:NATHANSON, MELVYN BERNARD
CHOWLA, SARVADAMAN D. S.*:RAMACHANDRA, KANAKANAHALLI*
CHOWLA, SARVADAMAN D. S.*:SCHINZEL, ANDRZEJ BOBOLA MARIA
CHOWLA, SARVADAMAN D. S.*:STRAUS, ERNST GABOR*
CHUI, CHARLES KAM-TAI:SHISHA, OVED*
CHUNG, FAN RONG KING (GRAHAM):DIACONIS, PERSI WARREN
CHUNG, FAN RONG KING (GRAHAM):FABER, VANCE
CHUNG, FAN RONG KING (GRAHAM):FISHBURN, PETER CLINGERMAN
CHUNG, FAN RONG KING (GRAHAM):FRANKL, PETER
CHUNG, FAN RONG KING (GRAHAM):FUREDI, ZOLTAN
CHUNG, FAN RONG KING (GRAHAM):GODDARD, WAYNE DEAN
CHUNG, FAN RONG KING (GRAHAM):GRAHAM, RONALD LEWIS*
CHUNG, FAN RONG KING (GRAHAM):GYARFAS, ANDRAS
CHUNG, FAN RONG KING (GRAHAM):HOGGATT, VERNER EMIL, JR.*
CHUNG, FAN RONG KING (GRAHAM):KLEITMAN, DANIEL J.
CHUNG, FAN RONG KING (GRAHAM):ODLYZKO, ANDREW MICHAEL
CHUNG, FAN RONG KING (GRAHAM):OELLERMANN, ORTRUD R.
CHUNG, FAN RONG KING (GRAHAM):PURDY, GEORGE BARRY*
CHUNG, FAN RONG KING (GRAHAM):SAKS, MICHAEL EZRA
CHUNG, FAN RONG KING (GRAHAM):SPENCER, JOEL HAROLD
CHUNG, FAN RONG KING (GRAHAM):SZEMEREDI, ENDRE
CHUNG, FAN RONG KING (GRAHAM):TETALI, PRASAD VENKATA SITARAMA VARA
CHUNG, FAN RONG KING (GRAHAM):TROTTER, WILLIAM THOMAS, JR.
CHUNG, FAN RONG KING (GRAHAM):TUZA, ZSOLT
CHUNG, FAN RONG KING (GRAHAM):ULAM, STANISLAW MARCIN*
CHUNG, FAN RONG KING (GRAHAM):VAN LINT, JACOBUS HENDRICUS*
CHUNG, FAN RONG KING (GRAHAM):WEST, DOUGLAS BRENT
CHUNG, FAN RONG KING (GRAHAM):WILSON, RICHARD MICHAEL
CHUNG, FAN RONG KING (GRAHAM):WINKLER, PETER MANN
CHUNG, FAN RONG KING (GRAHAM):YAO, FOONG FRANCES
CHUNG, KAI-LAI*:FELLER, WILLY (WILLIAM SRECKO)*
CHUNG, KAI-LAI*:FUCHS, WOLFGANG HEINRICH JOHANNES*
CHUNG, KAI-LAI*:HUNT, GILBERT AGNEW*
CHUNG, KAI-LAI*:KAC, MARK*
CHUNG, KAI-LAI*:POLLARD, HARRY*
CHUNG, KAI-LAI*:SIRAO, TUNEKITI
CHVATAL, VACLAV (VASEK):DAVIES, ROY OSBORNE
CHVATAL, VACLAV (VASEK):GRAHAM, RONALD LEWIS*
CHVATAL, VACLAV (VASEK):HANSON, DENIS
CHVATAL, VACLAV (VASEK):HARARY, FRANK*
CHVATAL, VACLAV (VASEK):HEDRLIN, ZDENEK*
CHVATAL, VACLAV (VASEK):HELL, PAVOL
CHVATAL, VACLAV (VASEK):HOFFMAN, ALAN JEROME
CHVATAL, VACLAV (VASEK):KOMLOS, JANOS
CHVATAL, VACLAV (VASEK):LOVASZ, LASZLO
CHVATAL, VACLAV (VASEK):NESETRIL, JAROSLAV
CHVATAL, VACLAV (VASEK):RODL, VOJTECH
CHVATAL, VACLAV (VASEK):SCHWENK, ALLEN JOHN CARL
CHVATAL, VACLAV (VASEK):SZEMEREDI, ENDRE
CHVATAL, VACLAV (VASEK):THOMASSEN, CARSTEN
CHVATAL, VACLAV (VASEK):TROTTER, WILLIAM THOMAS, JR.
CLARK, BRENT N.:COLBOURN, CHARLES JOSEPH
CLARK, LANE HENRY:ENTRINGER, ROGER CHARLES*
CLARK, LANE HENRY:MCCANNA, JOSEPH EDWARD, III
CLARK, LANE HENRY:MEIR, AMRAM*
CLARK, LANE HENRY:MOON, JOHN WESLEY
CLARK, LANE HENRY:SUN, HUI CHENG
CLARK, LANE HENRY:SZEKELY, LASZLO ALADAR
CLARK, LANE HENRY:TUZA, ZSOLT
CLARK, LANE HENRY:WORMALD, NICHOLAS CHARLES
CLUNIE, JAMES GOURLAY*:EDREI, ALBERT*
CLUNIE, JAMES GOURLAY*:KOVARI, TAMAS*
CLUNIE, JAMES GOURLAY*:RUBEL, LEE ALBERT*
COHEN, STEPHEN DOUGLAS:NATHANSON, MELVYN BERNARD
COLBOURN, CHARLES JOSEPH:DE CAEN, DOMINIQUE PAUL*
COLBOURN, CHARLES JOSEPH:DRAKE, DAVID ALLYN
COLBOURN, CHARLES JOSEPH:MCKAY, BRENDAN DAMIEN
COLBOURN, CHARLES JOSEPH:MULLIN, RONALD CLEVELAND
COLBOURN, CHARLES JOSEPH:PHELPS, KEVIN THOMAS
COLBOURN, CHARLES JOSEPH:RODL, VOJTECH
COLBOURN, CHARLES JOSEPH:ROSA, ALEXANDER
COLBOURN, CHARLES JOSEPH:SHALLIT, JEFFREY OUTLAW
COLBOURN, CHARLES JOSEPH:SIRAN, JOZEF
COLBOURN, CHARLES JOSEPH:STINSON, DOUGLAS ROBERT
COLBOURN, CHARLES JOSEPH:WILSON, RICHARD MICHAEL
COLBOURN, CHARLES JOSEPH:WINKLER, PETER MANN
COLBOURN, CHARLES JOSEPH:WORMALD, NICHOLAS CHARLES
CONWAY, JOHN HORTON*:CROFT, HALLARD T.
CONWAY, JOHN HORTON*:GUY, MICHAEL J. T.
CONWAY, JOHN HORTON*:GUY, RICHARD KENNETH*
CONWAY, JOHN HORTON*:ODLYZKO, ANDREW MICHAEL
CONWAY, JOHN HORTON*:SOIFER, ALEXANDER
COPELAND, ARTHUR HERBERT, SR.*:HARARY, FRANK*
CROFT, HALLARD T.:GUY, MICHAEL J. T.
CROFT, HALLARD T.:GUY, RICHARD KENNETH*
CSAKI, ENDRE:GRILL, KARL
CSAKI, ENDRE:KOMLOS, JANOS
CSAKI, ENDRE:REVESZ, PAL
CSAKI, ENDRE:VINCZE, ISTVAN*
CSISZAR, IMRE:KOMLOS, JANOS
CSISZAR, IMRE:LOVASZ, LASZLO
CZIPSZER, JANOS*:FREUD, GEZA*
CZIPSZER, JANOS*:HAJNAL, ANDRAS*
CZIPSZER, JANOS*:RENYI, ALFRED A.*
DARLING, DONALD ALLAN*:KAC, MARK*
DARST, RICHARD BRIAN:POLLARD, HARRY*
DAVENPORT, HAROLD*:HEILBRONN, HANS ARNOLD*
DAVENPORT, HAROLD*:LEVEQUE, WILLIAM JUDSON*
DAVENPORT, HAROLD*:MAHLER, KURT*
DAVENPORT, HAROLD*:ROGERS, CLAUDE AMBROSE*
DAVENPORT, HAROLD*:SCHINZEL, ANDRZEJ BOBOLA MARIA
DAVIES, ROY OSBORNE:HARARY, FRANK*
DAVIES, ROY OSBORNE:ROGERS, CLAUDE AMBROSE*
DAVIES, ROY OSBORNE:TAYLOR, SAMUEL JAMES*
DAYKIN, DAVID E.*:FRANKL, PETER
DAYKIN, DAVID E.*:KLEITMAN, DANIEL J.
DAYKIN, DAVID E.*:LOVASZ, LASZLO
DAYKIN, DAVID E.*:SHENG, TSENG KUO
DAYKIN, DAVID E.*:WEST, DOUGLAS BRENT
DE BRUIJN, NICOLAAS GOVERT*:SZEKERES, GEORGE*
DE BRUIJN, NICOLAAS GOVERT*:VAN LINT, JACOBUS HENDRICUS*
DE CAEN, DOMINIQUE PAUL*:FON-DER-FLAASS, DMITRII GERMANOVICH*
DE CAEN, DOMINIQUE PAUL*:FUREDI, ZOLTAN
DE CAEN, DOMINIQUE PAUL*:GODSIL, CHRISTOPHER DAVID
DE CAEN, DOMINIQUE PAUL*:PULLMAN, NORMAN JAY*
DE CAEN, DOMINIQUE PAUL*:SZEKELY, LASZLO ALADAR
DE CAEN, DOMINIQUE PAUL*:WORMALD, NICHOLAS CHARLES
DE KONINCK, JEAN-MARIE:GALAMBOS, JANOS*
DE KONINCK, JEAN-MARIE:IVIC, ALEKSANDAR P.
DE KONINCK, JEAN-MARIE:KATAI, IMRE
DE KONINCK, JEAN-MARIE:LUCA, FLORIAN
DE KONINCK, JEAN-MARIE:SUBBARAO, MATUKUMALLI VENKATA*
DE KONINCK, JEAN-MARIE:TENENBAUM, GERALD
DEBOSE, YOLANDA (COLUMBUS):HOBBS, ARTHUR MARMADUKE
DEHEUVELS, PAUL RENE LOUIS:GRILL, KARL
DEHEUVELS, PAUL RENE LOUIS:REVESZ, PAL
DELEGLISE, MARC:NICOLAS, JEAN-LOUIS
DENES, JOZSEF*:HARARY, FRANK*
DENES, JOZSEF*:TURAN, PAL*
DESHOUILLERS, JEAN-MARC:FREIMAN, GREGORY ABELEVICH
DESHOUILLERS, JEAN-MARC:GRANVILLE, ANDREW JAMES
DESHOUILLERS, JEAN-MARC:LEV, VSEVOLOD F.
DESHOUILLERS, JEAN-MARC:LUCA, FLORIAN
DESHOUILLERS, JEAN-MARC:MELFI, GIUSEPPE
DESHOUILLERS, JEAN-MARC:POMERANCE, CARL BERNARD
DESHOUILLERS, JEAN-MARC:RUZSA, IMRE Z.
DESHOUILLERS, JEAN-MARC:SARKOZY, ANDRAS
DESHOUILLERS, JEAN-MARC:SCHINZEL, ANDRZEJ BOBOLA MARIA
DESHOUILLERS, JEAN-MARC:SOS, VERA TURAN
DESHOUILLERS, JEAN-MARC:TENENBAUM, GERALD
DEUBER, WALTER A.*:GRAHAM, RONALD LEWIS*
DEUBER, WALTER A.*:GUNDERSON, DAVID SHANE
DEUBER, WALTER A.*:HINDMAN, NEIL BRUCE
DEUBER, WALTER A.*:KOSTOCHKA, ALEXANDR V.
DEUBER, WALTER A.*:LEFMANN, HANNO
DEUBER, WALTER A.*:MEYER, ANJA GABRIELE
DEUBER, WALTER A.*:ROTHSCHILD, BRUCE LEE
DEUBER, WALTER A.*:SACHS, HORST*
DEUBER, WALTER A.*:SIMONOVITS, MIKLOS
DEUBER, WALTER A.*:SOS, VERA TURAN
DEZA, MICHEL-MARIE*:FRANKL, PETER
DEZA, MICHEL-MARIE*:MULLIN, RONALD CLEVELAND
DEZA, MICHEL-MARIE*:SINGHI, NAVIN MADHAVPRASAD
DIACONIS, PERSI WARREN:GRAHAM, RONALD LEWIS*
DIACONIS, PERSI WARREN:JANSON, SVANTE
DIAMOND, HAROLD GEORGE:MONTGOMERY, HUGH LOWELL
DIAMOND, HAROLD GEORGE:POMERANCE, CARL BERNARD
DIAMOND, HAROLD GEORGE:RUBEL, LEE ALBERT*
DIAMOND, HAROLD GEORGE:VAALER, JEFFREY DAVID
DIRAC, GABRIEL ANDREW*:SCHUSTER, SEYMOUR
DIRAC, GABRIEL ANDREW*:THOMASSEN, CARSTEN
DIXMIER, JACQUES:NICOLAS, JEAN-LOUIS
DRAKE, DAVID ALLYN:FUREDI, ZOLTAN
DRAKE, DAVID ALLYN:LARSON, JEAN ANN
DUKE, RICHARD ALTER*:FOWLER, JOEL CHRISTOPHER
DUKE, RICHARD ALTER*:HARARY, FRANK*
DUKE, RICHARD ALTER*:LEFMANN, HANNO
DUKE, RICHARD ALTER*:PHELPS, KEVIN THOMAS
DUKE, RICHARD ALTER*:RODL, VOJTECH
DUKE, RICHARD ALTER*:WINKLER, PETER MANN
DVORETZKY, ARYEH*:HANANI, HAIM (CHOJNACKI)*
DVORETZKY, ARYEH*:KAKUTANI, SHIZUO*
DVORETZKY, ARYEH*:ROGERS, CLAUDE AMBROSE*
DVORETZKY, ARYEH*:TAYLOR, SAMUEL JAMES*
ECKLUND, EARL FRANK, JR.:EGGLETON, ROGER BENJAMIN
ECKLUND, EARL FRANK, JR.:SELFRIDGE, JOHN LEWIS*
EDREI, ALBERT*:FUCHS, WOLFGANG HEINRICH JOHANNES*
EDREI, ALBERT*:SZEGO, GABOR*
EGGLETON, ROGER BENJAMIN:FRAENKEL, AVIEZRI SIEGMUND
EGGLETON, ROGER BENJAMIN:GUY, RICHARD KENNETH*
EGGLETON, ROGER BENJAMIN:HOLTON, DEREK ALLAN
EGGLETON, ROGER BENJAMIN:LACAMPAGNE, CAROLE BAKER
EGGLETON, ROGER BENJAMIN:SELFRIDGE, JOHN LEWIS*
EGGLETON, ROGER BENJAMIN:SKILTON, DONALD K.
EL-ZAHAR, MOHAMED H.:SAUER, NORBERT W.
ELEKES, GYORGY*:HAJNAL, ANDRAS*
ELEKES, GYORGY*:KOMJATH, PETER
ELEKES, GYORGY*:NATHANSON, MELVYN BERNARD
ELEKES, GYORGY*:RUZSA, IMRE Z.
ELEKES, GYORGY*:SIMONOVITS, MIKLOS
ELLIOTT, PETER D. T. A.:RYAVEC, CHARLES ALBERT
ELLIOTT, PETER D. T. A.:SARKOZY, ANDRAS
ENTRINGER, ROGER CHARLES*:GODDARD, WAYNE DEAN
ENTRINGER, ROGER CHARLES*:GRAHAM, RONALD LEWIS*
ENTRINGER, ROGER CHARLES*:HARNER, CHARLES CLARK
ENTRINGER, ROGER CHARLES*:HENNING, MICHAEL ANTHONY
ENTRINGER, ROGER CHARLES*:KLEITMAN, DANIEL J.
ENTRINGER, ROGER CHARLES*:MCCANNA, JOSEPH EDWARD, III
ENTRINGER, ROGER CHARLES*:MEIR, AMRAM*
ENTRINGER, ROGER CHARLES*:MOON, JOHN WESLEY
ENTRINGER, ROGER CHARLES*:PURDY, GEORGE BARRY*
ENTRINGER, ROGER CHARLES*:SIMMONS, GUSTAVUS JAMES
ENTRINGER, ROGER CHARLES*:SUN, HUI CHENG
ENTRINGER, ROGER CHARLES*:SWART, HENDRIKA CORNELIA SCOTT (HENDA)*
ENTRINGER, ROGER CHARLES*:SZEKELY, LASZLO ALADAR
ENTRINGER, ROGER CHARLES*:TUZA, ZSOLT
FABER, VANCE:FAJTLOWICZ, SIEMION
FABER, VANCE:GOLDBERG, MARK K.
FABER, VANCE:JONES, FRED B.
FABER, VANCE:KIERSTEAD, HENRY ANDREW^1
FABER, VANCE:LARSON, JEAN ANN
FABER, VANCE:SIMMONS, GUSTAVUS JAMES
FAJTLOWICZ, SIEMION:HOFFMAN, ALAN JEROME
FAJTLOWICZ, SIEMION:REID, TALMAGE JAMES
FAJTLOWICZ, SIEMION:STATON, WILLIAM ALFRED, III
FAJTLOWICZ, SIEMION:URBANIK, KAZIMIERZ*
FAUDREE, RALPH JASPER, JR.*:FUREDI, ZOLTAN
FAUDREE, RALPH JASPER, JR.*:GODDARD, WAYNE DEAN
FAUDREE, RALPH JASPER, JR.*:GOULD, RONALD JAMES
FAUDREE, RALPH JASPER, JR.*:GYARFAS, ANDRAS
FAUDREE, RALPH JASPER, JR.*:GYORI, ERVIN
FAUDREE, RALPH JASPER, JR.*:HARARY, FRANK*
FAUDREE, RALPH JASPER, JR.*:JACOBSON, MICHAEL SCOTT
FAUDREE, RALPH JASPER, JR.*:JAGOTA, ARUN KUMAR
FAUDREE, RALPH JASPER, JR.*:KOSTOCHKA, ALEXANDR V.
FAUDREE, RALPH JASPER, JR.*:LEHEL, JENO
FAUDREE, RALPH JASPER, JR.*:LUCZAK, TOMASZ
FAUDREE, RALPH JASPER, JR.*:MCKAY, BRENDAN DAMIEN
FAUDREE, RALPH JASPER, JR.*:ORDMAN, EDWARD THORNE
FAUDREE, RALPH JASPER, JR.*:PACH, JANOS
FAUDREE, RALPH JASPER, JR.*:PARSONS, TORRENCE DOUGLAS*
FAUDREE, RALPH JASPER, JR.*:REID, TALMAGE JAMES
FAUDREE, RALPH JASPER, JR.*:ROUSSEAU, CECIL CLYDE, JR.*
FAUDREE, RALPH JASPER, JR.*:RUSZINKO, MIKLOS
FAUDREE, RALPH JASPER, JR.*:SCHELP, RICHARD HERBERT*
FAUDREE, RALPH JASPER, JR.*:SCHUSTER, SEYMOUR
FAUDREE, RALPH JASPER, JR.*:SHREVE, WARREN EUGENE
FAUDREE, RALPH JASPER, JR.*:SIMONOVITS, MIKLOS
FAUDREE, RALPH JASPER, JR.*:SOS, VERA TURAN
FAUDREE, RALPH JASPER, JR.*:SPENCER, JOEL HAROLD
FAUDREE, RALPH JASPER, JR.*:STATON, WILLIAM ALFRED, III
FAUDREE, RALPH JASPER, JR.*:TUZA, ZSOLT
FAUDREE, RALPH JASPER, JR.*:WEST, DOUGLAS BRENT
FEJES TOTH, LASZLO*:MAKAI, ENDRE, JR.
FEJES TOTH, LASZLO*:SAUER, NORBERT W.
FELLER, WILLY (WILLIAM SRECKO)*:POLLARD, HARRY*
FELZENBAUM, ALEXANDER GERSH:FRAENKEL, AVIEZRI SIEGMUND
FELZENBAUM, ALEXANDER GERSH:HOLZMAN, RON
FELZENBAUM, ALEXANDER GERSH:KLEITMAN, DANIEL J.
FEW, LEONARD:ROGERS, CLAUDE AMBROSE*
FISHBURN, PETER CLINGERMAN:FRANKL, PETER
FISHBURN, PETER CLINGERMAN:FUREDI, ZOLTAN
FISHBURN, PETER CLINGERMAN:GRAHAM, RONALD LEWIS*
FISHBURN, PETER CLINGERMAN:ODLYZKO, ANDREW MICHAEL
FISHBURN, PETER CLINGERMAN:SPENCER, JOEL HAROLD
FISHBURN, PETER CLINGERMAN:TETALI, PRASAD VENKATA SITARAMA VARA
FISHBURN, PETER CLINGERMAN:TROTTER, WILLIAM THOMAS, JR.
FISHBURN, PETER CLINGERMAN:WINKLER, PETER MANN
FODOR, GEZA*:HAJNAL, ANDRAS*
FODOR, GEZA*:MATE, ATTILA
FON-DER-FLAASS, DMITRII GERMANOVICH*:KOSTOCHKA, ALEXANDR V.
FON-DER-FLAASS, DMITRII GERMANOVICH*:NESETRIL, JAROSLAV
FON-DER-FLAASS, DMITRII GERMANOVICH*:TUZA, ZSOLT
FON-DER-FLAASS, DMITRII GERMANOVICH*:WEST, DOUGLAS BRENT
FOWLER, JOEL CHRISTOPHER:PHELPS, KEVIN THOMAS
FOWLER, JOEL CHRISTOPHER:SOS, VERA TURAN
FOWLER, JOEL CHRISTOPHER:WILSON, RICHARD MICHAEL
FRAENKEL, AVIEZRI SIEGMUND:GILLIS, JOSEPH E.*
FRAENKEL, AVIEZRI SIEGMUND:GORDON, BASIL*
FRAENKEL, AVIEZRI SIEGMUND:HARARY, FRANK*
FRAENKEL, AVIEZRI SIEGMUND:HOLZMAN, RON
FRAENKEL, AVIEZRI SIEGMUND:LOEBL, MARTIN
FRAENKEL, AVIEZRI SIEGMUND:NESETRIL, JAROSLAV
FRAENKEL, AVIEZRI SIEGMUND:SOS, VERA TURAN
FRAENKEL, AVIEZRI SIEGMUND:STRAUS, ERNST GABOR*
FRANKL, PETER:FUREDI, ZOLTAN
FRANKL, PETER:GRAHAM, RONALD LEWIS*
FRANKL, PETER:KLEITMAN, DANIEL J.
FRANKL, PETER:KOHAYAKAWA, YOSHIHARU
FRANKL, PETER:LI, WEN-CHING WINNIE
FRANKL, PETER:LOVASZ, LASZLO
FRANKL, PETER:LUCZAK, TOMASZ
FRANKL, PETER:MEIR, AMRAM*
FRANKL, PETER:ODLYZKO, ANDREW MICHAEL
FRANKL, PETER:PACH, JANOS
FRANKL, PETER:RODL, VOJTECH
FRANKL, PETER:RUZSA, IMRE Z.
FRANKL, PETER:SAKS, MICHAEL EZRA
FRANKL, PETER:SINGHI, NAVIN MADHAVPRASAD
FRANKL, PETER:SOS, VERA TURAN
FRANKL, PETER:SZEKELY, LASZLO ALADAR
FRANKL, PETER:WILSON, RICHARD MICHAEL
FREIMAN, GREGORY ABELEVICH:HERZOG, MARCEL
FREIMAN, GREGORY ABELEVICH:RUZSA, IMRE Z.
FREIMAN, GREGORY ABELEVICH:SCHONHEIM, JOHANAN*
FREIMAN, GREGORY ABELEVICH:SOS, VERA TURAN
FREUD, GEZA*:NEWMAN, DONALD JOSEPH*
FREUD, GEZA*:REDDY, A. R.
FREUD, GEZA*:SHARMA, AMBIKESHWAR*
FREUD, GEZA*:SZABADOS, JOZSEF
FREUD, GEZA*:VERTESI, PETER O. H.
FREUD, ROBERT:HEGYVARI, NORBERT
FREUD, ROBERT:PALFY, PETER PAL
FRIED, ERVIN*:HAJNAL, ANDRAS*
FRIED, ERVIN*:MILNER, ERIC CHARLES*
FRIED, ERVIN*:PALFY, PETER PAL
FRIED, ERVIN*:SOS, VERA TURAN
FRIED, ERVIN*:SURANYI, JANOS*
FUCHS, WOLFGANG HEINRICH JOHANNES*:MACINTYRE, ARCHIBALD JAMES*
FUCHS, WOLFGANG HEINRICH JOHANNES*:POLLARD, HARRY*
FUCHS, WOLFGANG HEINRICH JOHANNES*:RUBEL, LEE ALBERT*
FUREDI, ZOLTAN:GOULD, RONALD JAMES
FUREDI, ZOLTAN:GRAHAM, RONALD LEWIS*
FUREDI, ZOLTAN:GUNDERSON, DAVID SHANE
FUREDI, ZOLTAN:GYARFAS, ANDRAS
FUREDI, ZOLTAN:HAJNAL, ANDRAS*
FUREDI, ZOLTAN:HOLZMAN, RON
FUREDI, ZOLTAN:HORAK, PETER
FUREDI, ZOLTAN:KLEITMAN, DANIEL J.
FUREDI, ZOLTAN:KOMJATH, PETER
FUREDI, ZOLTAN:KOMLOS, JANOS
FUREDI, ZOLTAN:KOSTOCHKA, ALEXANDR V.
FUREDI, ZOLTAN:LARSON, JEAN ANN
FUREDI, ZOLTAN:LEHEL, JENO
FUREDI, ZOLTAN:LINIAL, NATHAN
FUREDI, ZOLTAN:LOEBL, MARTIN
FUREDI, ZOLTAN:LOVASZ, LASZLO
FUREDI, ZOLTAN:ODLYZKO, ANDREW MICHAEL
FUREDI, ZOLTAN:PACH, JANOS
FUREDI, ZOLTAN:REZNICK, BRUCE ARIE
FUREDI, ZOLTAN:RODL, VOJTECH
FUREDI, ZOLTAN:ROTHSCHILD, BRUCE LEE
FUREDI, ZOLTAN:RUBEL, LEE ALBERT*
FUREDI, ZOLTAN:RUSZINKO, MIKLOS
FUREDI, ZOLTAN:RUZSA, IMRE Z.
FUREDI, ZOLTAN:SARKOZY, GABOR NAUM
FUREDI, ZOLTAN:SELKOW, STANLEY MELVYN
FUREDI, ZOLTAN:SERESS, AKOS*
FUREDI, ZOLTAN:SIMONOVITS, MIKLOS
FUREDI, ZOLTAN:SOS, VERA TURAN
FUREDI, ZOLTAN:TROTTER, WILLIAM THOMAS, JR.
FUREDI, ZOLTAN:TUZA, ZSOLT
FUREDI, ZOLTAN:WEST, DOUGLAS BRENT
GAAL, STEVEN A. (GAL, ISTVAN SANDOR)*:KOKSMA, JURJEN FERDINAND^1*
GALAMBOS, JANOS*:INDLEKOFER, KARL-HEINZ
GALAMBOS, JANOS*:KATAI, IMRE
GALAMBOS, JANOS*:RENYI, ALFRED A.*
GALAMBOS, JANOS*:SZUSZ, PETER*
GALLAI, TIBOR* (GRUNWALD, TIBOR):TUZA, ZSOLT
GALLAI, TIBOR* (GRUNWALD, TIBOR):VAZSONYI, ANDREW* (WEISZFELD, ENDRE)
GALVIN, FREDERICK WILLIAM:HAJNAL, ANDRAS*
GALVIN, FREDERICK WILLIAM:KOMJATH, PETER
GALVIN, FREDERICK WILLIAM:LARSON, JEAN ANN
GALVIN, FREDERICK WILLIAM:MAGIDOR, MENACHEM
GALVIN, FREDERICK WILLIAM:MILNER, ERIC CHARLES*
GALVIN, FREDERICK WILLIAM:RADO, RICHARD*
GALVIN, FREDERICK WILLIAM:SHELAH, SAHARON
GERENCSER, LASZLO:GYARFAS, ANDRAS
GERENCSER, LASZLO:MATE, ATTILA
GILLIS, JOSEPH E.*:REZNICK, BRUCE ARIE
GILLMAN, LEONARD*:HENRIKSEN, MELVIN E.*
GIMBEL, JOHN GORDON:HENNING, MICHAEL ANTHONY
GIMBEL, JOHN GORDON:KRATSCH, DIETER
GIMBEL, JOHN GORDON:NESETRIL, JAROSLAV
GIMBEL, JOHN GORDON:PALMER, EDGAR MILAN*
GIMBEL, JOHN GORDON:STRAIGHT, H. JOSEPH
GIMBEL, JOHN GORDON:THOMASSEN, CARSTEN
GIMBEL, JOHN GORDON:TUZA, ZSOLT
GIMBEL, JOHN GORDON:VALTR, PAVEL^1
GINZBURG, ABRAHAM:ZIV, ABRAHAM*
GODDARD, WAYNE DEAN:HAMBURGER, PETER
GODDARD, WAYNE DEAN:HATTINGH, JOHANNES HENDRIK
GODDARD, WAYNE DEAN:HEDETNIEMI, STEPHEN TRAVIS
GODDARD, WAYNE DEAN:HENNING, MICHAEL ANTHONY
GODDARD, WAYNE DEAN:KLEITMAN, DANIEL J.
GODDARD, WAYNE DEAN:KLUGERMAN, MICHAEL RICHARD
GODDARD, WAYNE DEAN:KUBICKA, EWA MARIA
GODDARD, WAYNE DEAN:KUBICKI, GRZEGORZ M.
GODDARD, WAYNE DEAN:LASKAR, RENU CHAKRAVARTI
GODDARD, WAYNE DEAN:MCCANNA, JOSEPH EDWARD, III
GODDARD, WAYNE DEAN:OELLERMANN, ORTRUD R.
GODDARD, WAYNE DEAN:PACH, JANOS
GODDARD, WAYNE DEAN:PIPPERT, RAYMOND ELMER
GODDARD, WAYNE DEAN:SCHULMAN, LEONARD J. Y.
GODDARD, WAYNE DEAN:SWART, HENDRIKA CORNELIA SCOTT (HENDA)*
GODSIL, CHRISTOPHER DAVID:HOLTON, DEREK ALLAN
GODSIL, CHRISTOPHER DAVID:KRANTZ, STEVEN GEORGE
GODSIL, CHRISTOPHER DAVID:MCKAY, BRENDAN DAMIEN
GODSIL, CHRISTOPHER DAVID:NESETRIL, JAROSLAV
GODSIL, CHRISTOPHER DAVID:PARSONS, TORRENCE DOUGLAS*
GOLDBERG, MARK K.:PACH, JANOS
GOLDBERG, MARK K.:SPENCER, JOEL HAROLD
GOODMAN, ADOLPH (AL) WINKLER*:POSA, LAJOS
GORDON, BASIL*:RUBEL, LEE ALBERT*
GORDON, BASIL*:STRAUS, ERNST GABOR*
GOULD, RONALD JAMES:GUNDERSON, DAVID SHANE
GOULD, RONALD JAMES:GYARFAS, ANDRAS
GOULD, RONALD JAMES:JACOBSON, MICHAEL SCOTT
GOULD, RONALD JAMES:KOSTOCHKA, ALEXANDR V.
GOULD, RONALD JAMES:KUBICKA, EWA MARIA
GOULD, RONALD JAMES:KUBICKI, GRZEGORZ M.
GOULD, RONALD JAMES:LEHEL, JENO
GOULD, RONALD JAMES:LICK, DON RAYMOND
GOULD, RONALD JAMES:LUCZAK, TOMASZ
GOULD, RONALD JAMES:RODL, VOJTECH
GOULD, RONALD JAMES:ROUSSEAU, CECIL CLYDE, JR.*
GOULD, RONALD JAMES:SCHELP, RICHARD HERBERT*
GOULD, RONALD JAMES:WEST, DOUGLAS BRENT
GRAHAM, RONALD LEWIS*:HARARY, FRANK*
GRAHAM, RONALD LEWIS*:HELL, PAVOL
GRAHAM, RONALD LEWIS*:HOFFMAN, ALAN JEROME
GRAHAM, RONALD LEWIS*:HOGGATT, VERNER EMIL, JR.*
GRAHAM, RONALD LEWIS*:KLEITMAN, DANIEL J.
GRAHAM, RONALD LEWIS*:LI, WEN-CHING WINNIE
GRAHAM, RONALD LEWIS*:LOVASZ, LASZLO
GRAHAM, RONALD LEWIS*:LUCZAK, TOMASZ
GRAHAM, RONALD LEWIS*:MONTGOMERY, PETER LAWRENCE*
GRAHAM, RONALD LEWIS*:NESETRIL, JAROSLAV
GRAHAM, RONALD LEWIS*:ODLYZKO, ANDREW MICHAEL
GRAHAM, RONALD LEWIS*:OELLERMANN, ORTRUD R.
GRAHAM, RONALD LEWIS*:PURDY, GEORGE BARRY*
GRAHAM, RONALD LEWIS*:RODL, VOJTECH
GRAHAM, RONALD LEWIS*:ROTHSCHILD, BRUCE LEE
GRAHAM, RONALD LEWIS*:RUZSA, IMRE Z.
GRAHAM, RONALD LEWIS*:SAKS, MICHAEL EZRA
GRAHAM, RONALD LEWIS*:SIMMONS, GUSTAVUS JAMES
GRAHAM, RONALD LEWIS*:SIMONOVITS, MIKLOS
GRAHAM, RONALD LEWIS*:SOS, VERA TURAN
GRAHAM, RONALD LEWIS*:SPENCER, JOEL HAROLD
GRAHAM, RONALD LEWIS*:STRAUS, ERNST GABOR*
GRAHAM, RONALD LEWIS*:SZEMEREDI, ENDRE
GRAHAM, RONALD LEWIS*:TAYLOR, HERBERT
GRAHAM, RONALD LEWIS*:ULAM, STANISLAW MARCIN*
GRAHAM, RONALD LEWIS*:VAN LINT, JACOBUS HENDRICUS*
GRAHAM, RONALD LEWIS*:WEST, DOUGLAS BRENT
GRAHAM, RONALD LEWIS*:WILSON, RICHARD MICHAEL
GRAHAM, RONALD LEWIS*:WINKLER, PETER MANN
GRAHAM, RONALD LEWIS*:YAO, FOONG FRANCES
GRAHAM, SIDNEY WEST:IVIC, ALEKSANDAR P.
GRAHAM, SIDNEY WEST:KOLESNIK, GRIGORI ABRAMOVICH
GRAHAM, SIDNEY WEST:POMERANCE, CARL BERNARD
GRAHAM, SIDNEY WEST:VAALER, JEFFREY DAVID
GRANVILLE, ANDREW JAMES:HILDEBRAND, ADOLF J.
GRANVILLE, ANDREW JAMES:MAIER, HELMUT
GRANVILLE, ANDREW JAMES:MULLIN, RONALD CLEVELAND
GRANVILLE, ANDREW JAMES:POMERANCE, CARL BERNARD
GRANVILLE, ANDREW JAMES:RICHMOND, LAWRENCE BRUCE
GRANVILLE, ANDREW JAMES:SCHINZEL, ANDRZEJ BOBOLA MARIA
GRANVILLE, ANDREW JAMES:SELFRIDGE, JOHN LEWIS*
GRANVILLE, ANDREW JAMES:SHALLIT, JEFFREY OUTLAW
GRANVILLE, ANDREW JAMES:SPIRO-SILVERMAN, CLAUDIA ALISON
GRANVILLE, ANDREW JAMES:TETALI, PRASAD VENKATA SITARAMA VARA
GRANVILLE, ANDREW JAMES:VAUGHAN, ROBERT CHARLES
GRILL, KARL:REVESZ, PAL
GRUBER, PETER MANFRED*:HAMMER, JOSEPH
GRUNBAUM, BRANKO*:KLAMKIN, MURRAY SEYMOUR*
GRUNBAUM, BRANKO*:ROSENFELD, MOSHE^1
GRUNBAUM, BRANKO*:WINKLER, PETER MANN
GRUNWALD, GEZA*:TURAN, PAL*
GUNDERSON, DAVID SHANE:HINDMAN, NEIL BRUCE
GUNDERSON, DAVID SHANE:KOSTOCHKA, ALEXANDR V.
GUNDERSON, DAVID SHANE:LEFMANN, HANNO
GUNDERSON, DAVID SHANE:MEYER, ANJA GABRIELE
GUNDERSON, DAVID SHANE:MOLLOY, MICHAEL SEAN O'BRIEN
GUNDERSON, DAVID SHANE:RODL, VOJTECH
GUNDERSON, DAVID SHANE:SAUER, NORBERT W.
GUPTA, HANSRAJ*:KHARE, SATGUR PRASAD
GUY, MICHAEL J. T.:GUY, RICHARD KENNETH*
GUY, RICHARD KENNETH*:HARARY, FRANK*
GUY, RICHARD KENNETH*:LACAMPAGNE, CAROLE BAKER
GUY, RICHARD KENNETH*:MILNER, ERIC CHARLES*
GUY, RICHARD KENNETH*:MOON, JOHN WESLEY
GUY, RICHARD KENNETH*:SCHAER, JONATHAN
GUY, RICHARD KENNETH*:SELFRIDGE, JOHN LEWIS*
GYARFAS, ANDRAS:GYORI, ERVIN
GYARFAS, ANDRAS:JACOBSON, MICHAEL SCOTT
GYARFAS, ANDRAS:JAGOTA, ARUN KUMAR
GYARFAS, ANDRAS:KLEITMAN, DANIEL J.
GYARFAS, ANDRAS:KOHAYAKAWA, YOSHIHARU
GYARFAS, ANDRAS:KOMLOS, JANOS
GYARFAS, ANDRAS:KRATSCH, DIETER
GYARFAS, ANDRAS:LEHEL, JENO
GYARFAS, ANDRAS:LUCZAK, TOMASZ
GYARFAS, ANDRAS:NESETRIL, JAROSLAV
GYARFAS, ANDRAS:ORDMAN, EDWARD THORNE
GYARFAS, ANDRAS:PYBER, LASZLO
GYARFAS, ANDRAS:RODL, VOJTECH
GYARFAS, ANDRAS:ROUSSEAU, CECIL CLYDE, JR.*
GYARFAS, ANDRAS:RUSZINKO, MIKLOS
GYARFAS, ANDRAS:SARKOZY, GABOR NAUM
GYARFAS, ANDRAS:SCHELP, RICHARD HERBERT*
GYARFAS, ANDRAS:SELKOW, STANLEY MELVYN
GYARFAS, ANDRAS:SERESS, AKOS*
GYARFAS, ANDRAS:SIMONOVITS, MIKLOS
GYARFAS, ANDRAS:SZEMEREDI, ENDRE
GYARFAS, ANDRAS:TROTTER, WILLIAM THOMAS, JR.
GYARFAS, ANDRAS:TUZA, ZSOLT
GYARFAS, ANDRAS:WEST, DOUGLAS BRENT
GYARFAS, ANDRAS:ZALCSTEIN, YECHEZKEL
GYORI, ERVIN:KOSTOCHKA, ALEXANDR V.
GYORI, ERVIN:LEHEL, JENO
GYORI, ERVIN:LUCZAK, TOMASZ
GYORI, ERVIN:MILNER, ERIC CHARLES*
GYORI, ERVIN:PACH, JANOS
GYORI, ERVIN:ROTHSCHILD, BRUCE LEE
GYORI, ERVIN:SARKOZY, ANDRAS
GYORI, ERVIN:SCHELP, RICHARD HERBERT*
GYORI, ERVIN:SIMONOVITS, MIKLOS
GYORI, ERVIN:TUZA, ZSOLT
GYORY, KALMAN:KISS, PETER*
GYORY, KALMAN:LOVASZ, LASZLO
GYORY, KALMAN:PAPP, ZOLTAN Z.*
GYORY, KALMAN:SARKOZY, ANDRAS
GYORY, KALMAN:SCHINZEL, ANDRZEJ BOBOLA MARIA
GYORY, KALMAN:SHOREY, TARLOK NATH
GYORY, KALMAN:STEWART, CAMERON LEIGH
GYORY, KALMAN:TIJDEMAN, ROBERT
HAJNAL, ANDRAS*:HAMBURGER, PETER
HAJNAL, ANDRAS*:KOMJATH, PETER
HAJNAL, ANDRAS*:LARSON, JEAN ANN
HAJNAL, ANDRAS*:LOVASZ, LASZLO
HAJNAL, ANDRAS*:MATE, ATTILA
HAJNAL, ANDRAS*:MILNER, ERIC CHARLES*
HAJNAL, ANDRAS*:MOON, JOHN WESLEY
HAJNAL, ANDRAS*:PACH, JANOS
HAJNAL, ANDRAS*:POSA, LAJOS
HAJNAL, ANDRAS*:RADO, RICHARD*
HAJNAL, ANDRAS*:RODL, VOJTECH
HAJNAL, ANDRAS*:ROTHSCHILD, BRUCE LEE
HAJNAL, ANDRAS*:SAUER, NORBERT W.
HAJNAL, ANDRAS*:SERESS, AKOS*
HAJNAL, ANDRAS*:SHELAH, SAHARON
HAJNAL, ANDRAS*:SIMONOVITS, MIKLOS
HAJNAL, ANDRAS*:SOS, VERA TURAN
HAJNAL, ANDRAS*:SURANYI, JANOS*
HAJNAL, ANDRAS*:SZEGEDY, MARIO
HAJNAL, ANDRAS*:SZEMEREDI, ENDRE
HAJNAL, ANDRAS*:TUZA, ZSOLT
HALASZ, GABOR^1:MONTGOMERY, HUGH LOWELL
HALASZ, GABOR^1:TURAN, PAL*
HALL, RICHARD ROXBY:TENENBAUM, GERALD
HALL, RICHARD ROXBY:VINCZE, ISTVAN*
HAMBURGER, PETER:KIERSTEAD, HENRY ANDREW^1
HAMBURGER, PETER:KLEITMAN, DANIEL J.
HAMBURGER, PETER:KOSTOCHKA, ALEXANDR V.
HAMBURGER, PETER:PIPPERT, RAYMOND ELMER
HAMBURGER, PETER:TROTTER, WILLIAM THOMAS, JR.
HAMBURGER, PETER:WEAKLEY, WILLIAM DOUGLAS
HANANI, HAIM (CHOJNACKI)*:NETANYAHU, ELISHA*
HANANI, HAIM (CHOJNACKI)*:SCHONHEIM, JOHANAN*
HANANI, HAIM (CHOJNACKI)*:SOS, VERA TURAN
HANANI, HAIM (CHOJNACKI)*:WILSON, RICHARD MICHAEL
HANSON, DENIS:MOON, JOHN WESLEY
HANSON, DENIS:SAUER, NORBERT W.
HARARY, FRANK*:HARZHEIM, EGBERT*
HARARY, FRANK*:HEDETNIEMI, STEPHEN TRAVIS
HARARY, FRANK*:HELL, PAVOL
HARARY, FRANK*:HSU, DERBIAU FRANK
HARARY, FRANK*:JACOBSON, MICHAEL SCOTT
HARARY, FRANK*:KAINEN, PAUL CHESTER
HARARY, FRANK*:KLAWE, MARIA MARGARET
HARARY, FRANK*:KUBICKA, EWA MARIA
HARARY, FRANK*:KUBICKI, GRZEGORZ M.
HARARY, FRANK*:LICK, DON RAYMOND
HARARY, FRANK*:MINC, HENRYK*
HARARY, FRANK*:MOON, JOHN WESLEY
HARARY, FRANK*:MOSER, LEO*
HARARY, FRANK*:NESETRIL, JAROSLAV
HARARY, FRANK*:OELLERMANN, ORTRUD R.
HARARY, FRANK*:PALMER, EDGAR MILAN*
HARARY, FRANK*:PRINS, GEERT CALEB ERNST*
HARARY, FRANK*:ROBINSON, ROBERT WILLIAM
HARARY, FRANK*:RODL, VOJTECH
HARARY, FRANK*:SCHUSTER, SEYMOUR
HARARY, FRANK*:SCHWENK, ALLEN JOHN CARL
HARARY, FRANK*:STATON, WILLIAM ALFRED, III
HARARY, FRANK*:SWART, HENDRIKA CORNELIA SCOTT (HENDA)*
HARARY, FRANK*:THOMASSEN, CARSTEN
HARARY, FRANK*:TROTTER, WILLIAM THOMAS, JR.
HARARY, FRANK*:TUTTE, WILLIAM THOMAS*
HARARY, FRANK*:TUZA, ZSOLT
HARARY, FRANK*:WORMALD, NICHOLAS CHARLES
HARCOS, GERGELY:PACH, JANOS
HARCOS, GERGELY:RUZSA, IMRE Z.
HARDY, GEORGE EUGENE*:SUBBARAO, MATUKUMALLI VENKATA*
HARE, WILLIAM RAY, JR.:HEDETNIEMI, STEPHEN TRAVIS
HARE, WILLIAM RAY, JR.:LASKAR, RENU CHAKRAVARTI
HARTMAN, STANISLAW*:SCHINZEL, ANDRZEJ BOBOLA MARIA
HARTMAN, STANISLAW*:SZUSZ, PETER*
HATTINGH, JOHANNES HENDRIK:HEDETNIEMI, STEPHEN TRAVIS
HATTINGH, JOHANNES HENDRIK:HENNING, MICHAEL ANTHONY
HATTINGH, JOHANNES HENDRIK:LASKAR, RENU CHAKRAVARTI
HATTINGH, JOHANNES HENDRIK:ROUSSEAU, CECIL CLYDE, JR.*
HATTINGH, JOHANNES HENDRIK:SWART, HENDRIKA CORNELIA SCOTT (HENDA)*
HECHLER, STEPHEN HERMAN:KAINEN, PAUL CHESTER
HECHLER, STEPHEN HERMAN:KENNEDY, JOHN WILLIAM
HEDETNIEMI, STEPHEN TRAVIS:HENNING, MICHAEL ANTHONY
HEDETNIEMI, STEPHEN TRAVIS:JACOBSON, MICHAEL SCOTT
HEDETNIEMI, STEPHEN TRAVIS:KUBICKI, GRZEGORZ M.
HEDETNIEMI, STEPHEN TRAVIS:LASKAR, RENU CHAKRAVARTI
HEDETNIEMI, STEPHEN TRAVIS:PRINS, GEERT CALEB ERNST*
HEDETNIEMI, STEPHEN TRAVIS:ROBINSON, ROBERT WILLIAM
HEDETNIEMI, STEPHEN TRAVIS:WEAKLEY, WILLIAM DOUGLAS
HEDRLIN, ZDENEK*:HELL, PAVOL
HEGYVARI, NORBERT:JIN, GUO PING
HEGYVARI, NORBERT:RAUZY, GERARD*
HEGYVARI, NORBERT:RUZSA, IMRE Z.
HEGYVARI, NORBERT:SARKOZY, ANDRAS
HEILBRONN, HANS ARNOLD*:SCHERK, PETER*
HELL, PAVOL:KOSTOCHKA, ALEXANDR V.
HELL, PAVOL:NESETRIL, JAROSLAV
HELL, PAVOL:ROSA, ALEXANDER
HELL, PAVOL:ROSENFELD, MOSHE^1
HELL, PAVOL:TAYLOR, HERBERT
HELL, PAVOL:TUZA, ZSOLT
HELL, PAVOL:WINKLER, PETER MANN
HEMMINGER, ROBERT LOUIS:HOLTON, DEREK ALLAN
HEMMINGER, ROBERT LOUIS:MCKAY, BRENDAN DAMIEN
HENNING, MICHAEL ANTHONY:KUBICKI, GRZEGORZ M.
HENNING, MICHAEL ANTHONY:LASKAR, RENU CHAKRAVARTI
HENNING, MICHAEL ANTHONY:OELLERMANN, ORTRUD R.
HENNING, MICHAEL ANTHONY:SWART, HENDRIKA CORNELIA SCOTT (HENDA)*
HENNING, MICHAEL ANTHONY:TUZA, ZSOLT
HERZOG, FRITZ*:PIRANIAN, GEORGE*
HERZOG, MARCEL:SCHONHEIM, JOHANAN*
HICKERSON, DEAN ROBERT:NORTON, DONALD ALAN
HICKERSON, DEAN ROBERT:PACH, JANOS
HICKERSON, DEAN ROBERT:STEIN, SHERMAN KOPALD
HILDEBRAND, ADOLF J.:MAIER, HELMUT
HILDEBRAND, ADOLF J.:ODLYZKO, ANDREW MICHAEL
HILDEBRAND, ADOLF J.:PUDAITE, PAUL ROZARLIEN
HILDEBRAND, ADOLF J.:PURDY, GEORGE BARRY*
HILDEBRAND, ADOLF J.:REZNICK, BRUCE ARIE
HILDEBRAND, ADOLF J.:TENENBAUM, GERALD
HINDMAN, NEIL BRUCE:LEFMANN, HANNO
HINDMAN, NEIL BRUCE:LUCZAK, TOMASZ
HINDMAN, NEIL BRUCE:ROTHSCHILD, BRUCE LEE
HOBBS, ARTHUR MARMADUKE:PAYAN, CHARLES
HOFFMAN, ALAN JEROME:STRAUS, ERNST GABOR*
HOGGATT, VERNER EMIL, JR.*:STRAUS, ERNST GABOR*
HOLTON, DEREK ALLAN:MCKAY, BRENDAN DAMIEN
HOLTON, DEREK ALLAN:THOMASSEN, CARSTEN
HOLTON, DEREK ALLAN:WORMALD, NICHOLAS CHARLES
HOLZMAN, RON:KLEITMAN, DANIEL J.
HOLZMAN, RON:KRIVELEVICH, MICHAEL
HOLZMAN, RON:LEV, VSEVOLOD F.
HOLZMAN, RON:LINIAL, NATHAN
HORAK, PETER:ROSA, ALEXANDER
HORAK, PETER:ROSENFELD, MOSHE^1
HORAK, PETER:SAUER, NORBERT W.
HORAK, PETER:SIRAN, JOZEF
HORAK, PETER:TROTTER, WILLIAM THOMAS, JR.
HORAK, PETER:TUZA, ZSOLT
HORVATH, MIKLOS^1:JOO, ISTVAN*
HORVATH, MIKLOS^1:KOMORNIK, VILMOS
HSU, DERBIAU FRANK:KLEITMAN, DANIEL J.
HSU, DERBIAU FRANK:LUCZAK, TOMASZ
HSU, DERBIAU FRANK:O'NEIL, PATRICK EUGENE*
HWANG, JUN SHUNG (JAMES)*:SCHNITZER, FRANZ JOSEF*
HWANG, JUN SHUNG (JAMES)*:SEIDEL, WLADIMIR P.*
INDLEKOFER, KARL-HEINZ:KATAI, IMRE
IVIC, ALEKSANDAR P.:POMERANCE, CARL BERNARD
IVIC, ALEKSANDAR P.:RAMACHANDRA, KANAKANAHALLI*
IVIC, ALEKSANDAR P.:TENENBAUM, GERALD
JACKSON, STEPHEN CRAIG:MAULDIN, RICHARD DANIEL
JACOBSON, MICHAEL SCOTT:KUBICKA, EWA MARIA
JACOBSON, MICHAEL SCOTT:KUBICKI, GRZEGORZ M.
JACOBSON, MICHAEL SCOTT:LEHEL, JENO
JACOBSON, MICHAEL SCOTT:OELLERMANN, ORTRUD R.
JACOBSON, MICHAEL SCOTT:ORDMAN, EDWARD THORNE
JACOBSON, MICHAEL SCOTT:ROUSSEAU, CECIL CLYDE, JR.*
JACOBSON, MICHAEL SCOTT:SCHELP, RICHARD HERBERT*
JACOBSON, MICHAEL SCOTT:SHREVE, WARREN EUGENE
JACOBSON, MICHAEL SCOTT:TUZA, ZSOLT
JACOBSON, MICHAEL SCOTT:WEAKLEY, WILLIAM DOUGLAS
JACOBSON, MICHAEL SCOTT:WEST, DOUGLAS BRENT
JAGOTA, ARUN KUMAR:LUCZAK, TOMASZ
JAGOTA, ARUN KUMAR:SCHELP, RICHARD HERBERT*
JANSON, SVANTE:LUCZAK, TOMASZ
JANSON, SVANTE:RUSZINKO, MIKLOS
JANSON, SVANTE:SOS, VERA TURAN
JANSON, SVANTE:SPENCER, JOEL HAROLD
JANSON, SVANTE:WORMALD, NICHOLAS CHARLES
JOO, ISTVAN*:JOO, MIKLOS
JOO, ISTVAN*:KOCZY, LASZLO A.
JOO, ISTVAN*:KOMORNIK, VILMOS
JOO, ISTVAN*:SCHNITZER, FRANZ JOSEF*
JOO, ISTVAN*:SZABADOS, JOZSEF
JOO, ISTVAN*:SZEKELY, LASZLO ALADAR
KAC, MARK*:POLLARD, HARRY*
KAC, MARK*:SZEGO, GABOR*
KAC, MARK*:VAN KAMPEN, EGBERTUS RUDOLF*
KAC, MARK*:WINTNER, AUREL FRIEDRICH*
KAINEN, PAUL CHESTER:SCHWENK, ALLEN JOHN CARL
KAKUTANI, SHIZUO*:OXTOBY, JOHN C.*
KAKUTANI, SHIZUO*:TAYLOR, SAMUEL JAMES*
KAPLANSKY, IRVING*:MCKAY, BRENDAN DAMIEN
KAPLANSKY, IRVING*:POLLARD, HARRY*
KATAI, IMRE:LUCA, FLORIAN
KATAI, IMRE:SUBBARAO, MATUKUMALLI VENKATA*
KELLY, PAUL JOSEPH*:STRAUS, ERNST GABOR*
KENNEDY, JOHN WILLIAM:PALMER, EDGAR MILAN*
KENNEDY, JOHN WILLIAM:ROBINSON, ROBERT WILLIAM
KESTELMAN, HYMAN*:ROGERS, CLAUDE AMBROSE*
KIERSTEAD, HENRY ANDREW^1:KOSTOCHKA, ALEXANDR V.
KIERSTEAD, HENRY ANDREW^1:LORENTZ, GEORGE GUNTHER*
KIERSTEAD, HENRY ANDREW^1:MILNER, ERIC CHARLES*
KIERSTEAD, HENRY ANDREW^1:RODL, VOJTECH
KIERSTEAD, HENRY ANDREW^1:SARKOZY, GABOR NAUM
KIERSTEAD, HENRY ANDREW^1:SELKOW, STANLEY MELVYN
KIERSTEAD, HENRY ANDREW^1:SZEMEREDI, ENDRE
KIERSTEAD, HENRY ANDREW^1:TROTTER, WILLIAM THOMAS, JR.
KIERSTEAD, HENRY ANDREW^1:TUZA, ZSOLT
KIERSTEAD, HENRY ANDREW^1:WINKLER, PETER MANN
KISS, PETER*:POMERANCE, CARL BERNARD
KISS, PETER*:SARKOZY, ANDRAS
KISS, PETER*:SCHINZEL, ANDRZEJ BOBOLA MARIA
KLAMKIN, MURRAY SEYMOUR*:MEIR, AMRAM*
KLAMKIN, MURRAY SEYMOUR*:NEWMAN, DONALD JOSEPH*
KLAMKIN, MURRAY SEYMOUR*:ROUSSEAU, CECIL CLYDE, JR.*
KLAMKIN, MURRAY SEYMOUR*:SUBBARAO, MATUKUMALLI VENKATA*
KLAMKIN, MURRAY SEYMOUR*:VAN LINT, JACOBUS HENDRICUS*
KLAWE, MARIA MARGARET:KLEITMAN, DANIEL J.
KLAWE, MARIA MARGARET:LINIAL, NATHAN
KLAWE, MARIA MARGARET:MORAN, SHLOMO
KLEITMAN, DANIEL J.:KLUGERMAN, MICHAEL RICHARD
KLEITMAN, DANIEL J.:LEWIN, MORDECHAI*
KLEITMAN, DANIEL J.:MILNER, ERIC CHARLES*
KLEITMAN, DANIEL J.:PACH, JANOS
KLEITMAN, DANIEL J.:PIPPERT, RAYMOND ELMER
KLEITMAN, DANIEL J.:POMERANCE, CARL BERNARD
KLEITMAN, DANIEL J.:PURDY, GEORGE BARRY*
KLEITMAN, DANIEL J.:ROTHSCHILD, BRUCE LEE
KLEITMAN, DANIEL J.:SAKS, MICHAEL EZRA
KLEITMAN, DANIEL J.:SCHULMAN, LEONARD J. Y.
KLEITMAN, DANIEL J.:SPENCER, JOEL HAROLD
KLEITMAN, DANIEL J.:SZEKELY, LASZLO ALADAR
KLEITMAN, DANIEL J.:THOMASSEN, CARSTEN
KLEITMAN, DANIEL J.:WEST, DOUGLAS BRENT
KLEITMAN, DANIEL J.:WINKLER, PETER MANN
KLUGERMAN, MICHAEL RICHARD:PACH, JANOS
KLUGERMAN, MICHAEL RICHARD:SCHULMAN, LEONARD J. Y.
KNAPPENBERGER, JONATHAN CHARLES:NEWMAN, DONALD JOSEPH*
KO, CHAO (KE, ZHAO)*:RADO, RICHARD*
KOHAYAKAWA, YOSHIHARU:LEFMANN, HANNO
KOHAYAKAWA, YOSHIHARU:LUCZAK, TOMASZ
KOHAYAKAWA, YOSHIHARU:MAUDUIT, CHRISTIAN*
KOHAYAKAWA, YOSHIHARU:RODL, VOJTECH
KOHAYAKAWA, YOSHIHARU:SCHELP, RICHARD HERBERT*
KOHAYAKAWA, YOSHIHARU:SIMONOVITS, MIKLOS
KOHAYAKAWA, YOSHIHARU:SZEMEREDI, ENDRE
KOHAYAKAWA, YOSHIHARU:TETALI, PRASAD VENKATA SITARAMA VARA
KOKSMA, JURJEN FERDINAND^1*:MAHLER, KURT*
KOLESNIK, GRIGORI ABRAMOVICH:STRAUS, ERNST GABOR*
KOMJATH, PETER:LARSON, JEAN ANN
KOMJATH, PETER:LUCZAK, TOMASZ
KOMJATH, PETER:MILNER, ERIC CHARLES*
KOMJATH, PETER:PACH, JANOS
KOMJATH, PETER:RODL, VOJTECH
KOMJATH, PETER:SAUER, NORBERT W.
KOMJATH, PETER:SERESS, AKOS*
KOMJATH, PETER:SHELAH, SAHARON
KOMJATH, PETER:TOTIK, VILMOS
KOMLOS, JANOS:ODLYZKO, ANDREW MICHAEL
KOMLOS, JANOS:PACH, JANOS
KOMLOS, JANOS:REVESZ, PAL
KOMLOS, JANOS:RODL, VOJTECH
KOMLOS, JANOS:SARKOZY, ANDRAS
KOMLOS, JANOS:SARKOZY, GABOR NAUM
KOMLOS, JANOS:SIMONOVITS, MIKLOS
KOMLOS, JANOS:SPENCER, JOEL HAROLD
KOMLOS, JANOS:SZEMEREDI, ENDRE
KOMORNIK, VILMOS:TENENBAUM, GERALD
KOREN, ISRAEL:MORAN, SHLOMO
KOREN, ISRAEL:SILBERMAN, GABRIEL M.
KOREN, ISRAEL:ZAKS, SHMUEL
KOSTOCHKA, ALEXANDR V.:LUCZAK, TOMASZ
KOSTOCHKA, ALEXANDR V.:MEYER, ANJA GABRIELE
KOSTOCHKA, ALEXANDR V.:NESETRIL, JAROSLAV
KOSTOCHKA, ALEXANDR V.:PACH, JANOS
KOSTOCHKA, ALEXANDR V.:PYBER, LASZLO
KOSTOCHKA, ALEXANDR V.:RODL, VOJTECH
KOSTOCHKA, ALEXANDR V.:SACHS, HORST*
KOSTOCHKA, ALEXANDR V.:SCHELP, RICHARD HERBERT*
KOSTOCHKA, ALEXANDR V.:SZEMEREDI, ENDRE
KOSTOCHKA, ALEXANDR V.:TETALI, PRASAD VENKATA SITARAMA VARA
KOSTOCHKA, ALEXANDR V.:TROTTER, WILLIAM THOMAS, JR.
KOSTOCHKA, ALEXANDR V.:TUZA, ZSOLT
KOSTOCHKA, ALEXANDR V.:WEST, DOUGLAS BRENT
KOSTOCHKA, ALEXANDR V.:WINKLER, PETER MANN
KOVARI, TAMAS*:SOS, VERA TURAN
KOVARI, TAMAS*:TURAN, PAL*
KRANTZ, STEVEN GEORGE:PARSONS, TORRENCE DOUGLAS*
KRATSCH, DIETER:LEHEL, JENO
KRATSCH, DIETER:TUZA, ZSOLT
KRIVELEVICH, MICHAEL:LUCZAK, TOMASZ
KRIVELEVICH, MICHAEL:SPENCER, JOEL HAROLD
KRIVELEVICH, MICHAEL:SZEGEDY, MARIO
KRIVELEVICH, MICHAEL:TETALI, PRASAD VENKATA SITARAMA VARA
KRIVELEVICH, MICHAEL:WORMALD, NICHOLAS CHARLES
KROO, ANDRAS V.:PINKUS, ALLAN MARK
KROO, ANDRAS V.:SZABADOS, JOZSEF
KROO, ANDRAS V.:TOTIK, VILMOS
KUBICKA, EWA MARIA:KUBICKI, GRZEGORZ M.
KUBICKA, EWA MARIA:LEHEL, JENO
KUBICKA, EWA MARIA:OELLERMANN, ORTRUD R.
KUBICKA, EWA MARIA:SCHWENK, ALLEN JOHN CARL
KUBICKA, EWA MARIA:WEST, DOUGLAS BRENT
KUBICKI, GRZEGORZ M.:LEHEL, JENO
KUBICKI, GRZEGORZ M.:OELLERMANN, ORTRUD R.
KUBICKI, GRZEGORZ M.:WEST, DOUGLAS BRENT
KUNEN, KENNETH:LARSON, JEAN ANN
KUNEN, KENNETH:MAULDIN, RICHARD DANIEL
KUNEN, KENNETH:RUDIN, MARY ELLEN ESTILL*
LACAMPAGNE, CAROLE BAKER:POMERANCE, CARL BERNARD
LACAMPAGNE, CAROLE BAKER:SELFRIDGE, JOHN LEWIS*
LAM, PETER CHE BOR:LICK, DON RAYMOND
LAM, PETER CHE BOR:LIU, JIUQIANG
LAM, PETER CHE BOR:WANG, JIAN-FANG
LARSON, JEAN ANN:SAUER, NORBERT W.
LASKAR, RENU CHAKRAVARTI:PRINS, GEERT CALEB ERNST*
LEFMANN, HANNO:LUCZAK, TOMASZ
LEFMANN, HANNO:PHELPS, KEVIN THOMAS
LEFMANN, HANNO:RODL, VOJTECH
LEHEL, JENO:NESETRIL, JAROSLAV
LEHEL, JENO:OELLERMANN, ORTRUD R.
LEHEL, JENO:RODL, VOJTECH
LEHEL, JENO:SARKOZY, GABOR NAUM
LEHEL, JENO:SCHELP, RICHARD HERBERT*
LEHEL, JENO:SHREVE, WARREN EUGENE
LEHEL, JENO:TUZA, ZSOLT
LEHEL, JENO:WEST, DOUGLAS BRENT
LENGYEL, BELA ADALBERT*:REVESZ, PAL
LEV, VSEVOLOD F.:LUCZAK, TOMASZ
LEV, VSEVOLOD F.:RAUZY, GERARD*
LEV, VSEVOLOD F.:RUZSA, IMRE Z.
LEV, VSEVOLOD F.:SANDOR, CSABA
LEV, VSEVOLOD F.:SARKOZY, ANDRAS
LICK, DON RAYMOND:LIU, JIUQIANG
LICK, DON RAYMOND:SCHUSTER, SEYMOUR
LICK, DON RAYMOND:SWART, HENDRIKA CORNELIA SCOTT (HENDA)*
LICK, DON RAYMOND:WANG, JIAN-FANG
LINIAL, NATHAN:LOVASZ, LASZLO
LINIAL, NATHAN:LUCZAK, TOMASZ
LINIAL, NATHAN:MORAN, SHLOMO
LINIAL, NATHAN:PAYAN, CHARLES
LINIAL, NATHAN:ROTHSCHILD, BRUCE LEE
LINIAL, NATHAN:SAKS, MICHAEL EZRA
LINIAL, NATHAN:SOS, VERA TURAN
LIU, JIUQIANG:MCCANNA, JOSEPH EDWARD, III
LIU, JIUQIANG:SCHWENK, ALLEN JOHN CARL
LIU, JIUQIANG:WANG, JIAN-FANG
LOEBL, MARTIN:NESETRIL, JAROSLAV
LOEBL, MARTIN:SOS, VERA TURAN
LOVASZ, LASZLO:NESETRIL, JAROSLAV
LOVASZ, LASZLO:PACH, JANOS
LOVASZ, LASZLO:SAKS, MICHAEL EZRA
LOVASZ, LASZLO:SARKOZY, ANDRAS
LOVASZ, LASZLO:SERESS, AKOS*
LOVASZ, LASZLO:SIMMONS, GUSTAVUS JAMES
LOVASZ, LASZLO:SIMONOVITS, MIKLOS
LOVASZ, LASZLO:SOS, VERA TURAN
LOVASZ, LASZLO:SPENCER, JOEL HAROLD
LOVASZ, LASZLO:STRAUS, ERNST GABOR*
LOVASZ, LASZLO:SZEGEDY, MARIO
LOVASZ, LASZLO:TETALI, PRASAD VENKATA SITARAMA VARA
LOVASZ, LASZLO:TROTTER, WILLIAM THOMAS, JR.
LOVASZ, LASZLO:VESZTERGOMBI, KATALIN L.
LOVASZ, LASZLO:WINKLER, PETER MANN
LOXTON, JOHN HAROLD:VAUGHAN, ROBERT CHARLES
LUCA, FLORIAN:POMERANCE, CARL BERNARD
LUCA, FLORIAN:SHALLIT, JEFFREY OUTLAW
LUCA, FLORIAN:SHOREY, TARLOK NATH
LUCZAK, TOMASZ:NESETRIL, JAROSLAV
LUCZAK, TOMASZ:PALKA, ZBIGNIEW J.
LUCZAK, TOMASZ:PYBER, LASZLO
LUCZAK, TOMASZ:RODL, VOJTECH
LUCZAK, TOMASZ:SHELAH, SAHARON
LUCZAK, TOMASZ:SIMONOVITS, MIKLOS
LUCZAK, TOMASZ:SPENCER, JOEL HAROLD
LUCZAK, TOMASZ:SZEMEREDI, ENDRE
MAGIDOR, MENACHEM:SHELAH, SAHARON
MAHLER, KURT*:SZEKERES, GEORGE*
MAIER, HELMUT:MONTGOMERY, HUGH LOWELL
MAIER, HELMUT:POMERANCE, CARL BERNARD
MAIER, HELMUT:SARKOZY, ANDRAS
MAIER, HELMUT:STEWART, CAMERON LEIGH
MAIER, HELMUT:TENENBAUM, GERALD
MAKAI, ENDRE, JR.:PACH, JANOS
MAKAI, ENDRE, JR.:SPENCER, JOEL HAROLD
MAKAI, ENDRE, JR.:VINCZE, ISTVAN*
MAKKAI, MIHALY MICHAEL:SHELAH, SAHARON
MALDE, PARESH J.:OELLERMANN, ORTRUD R.
MALDE, PARESH J.:SCHWENK, ALLEN JOHN CARL
MALDE, PARESH J.:SWART, HENDRIKA CORNELIA SCOTT (HENDA)*
MALDE, PARESH J.:THOMASSEN, CARSTEN
MALOUF, JANICE L.:SELFRIDGE, JOHN LEWIS*
MALOUF, JANICE L.:SZEKERES, ESTHER KLEIN*
MATE, ATTILA:RADO, RICHARD*
MATE, ATTILA:TOTIK, VILMOS
MAUDUIT, CHRISTIAN*:MONTGOMERY, HUGH LOWELL
MAUDUIT, CHRISTIAN*:POMERANCE, CARL BERNARD
MAUDUIT, CHRISTIAN*:RODL, VOJTECH
MAUDUIT, CHRISTIAN*:SARKOZY, ANDRAS
MAULDIN, RICHARD DANIEL:PREISS, DAVID
MAULDIN, RICHARD DANIEL:STONE, ARTHUR HAROLD*
MAULDIN, RICHARD DANIEL:ULAM, STANISLAW MARCIN*
MAXSEIN, THOMAS*:SMITH, PAUL R.
MCCANNA, JOSEPH EDWARD, III:SZEKELY, LASZLO ALADAR
MCELIECE, ROBERT JAMES*:ODLYZKO, ANDREW MICHAEL
MCELIECE, ROBERT JAMES*:REZNICK, BRUCE ARIE
MCELIECE, ROBERT JAMES*:RUBIN, ARTHUR LEONARD
MCELIECE, ROBERT JAMES*:TAYLOR, HERBERT
MCKAY, BRENDAN DAMIEN:ODLYZKO, ANDREW MICHAEL
MCKAY, BRENDAN DAMIEN:PALMER, EDGAR MILAN*
MCKAY, BRENDAN DAMIEN:RICHMOND, LAWRENCE BRUCE
MCKAY, BRENDAN DAMIEN:ROBINSON, ROBERT WILLIAM
MCKAY, BRENDAN DAMIEN:SIRAN, JOZEF
MCKAY, BRENDAN DAMIEN:THOMASSEN, CARSTEN
MCKAY, BRENDAN DAMIEN:WORMALD, NICHOLAS CHARLES
MEIR, AMRAM*:MOON, JOHN WESLEY
MEIR, AMRAM*:MOSER, LEO*
MEIR, AMRAM*:PACH, JANOS
MEIR, AMRAM*:SCHAER, JONATHAN
MEIR, AMRAM*:SHARMA, AMBIKESHWAR*
MEIR, AMRAM*:SOS, VERA TURAN
MEIR, AMRAM*:SZEKELY, LASZLO ALADAR
MEIR, AMRAM*:TOTIK, VILMOS
MEIR, AMRAM*:TURAN, PAL*
MILNER, ERIC CHARLES*:RADO, RICHARD*
MILNER, ERIC CHARLES*:SAUER, NORBERT W.
MILNER, ERIC CHARLES*:SCHONHEIM, JOHANAN*
MILNER, ERIC CHARLES*:SHELAH, SAHARON
MILNER, ERIC CHARLES*:SZEMEREDI, ENDRE
MIRSKY, LEONID*:RADO, RICHARD*
MOLLOY, MICHAEL SEAN O'BRIEN:ROBINSON, ROBERT WILLIAM
MOLLOY, MICHAEL SEAN O'BRIEN:WORMALD, NICHOLAS CHARLES
MONTGOMERY, HUGH LOWELL:NIVEN, IVAN MORTON*
MONTGOMERY, HUGH LOWELL:ODLYZKO, ANDREW MICHAEL
MONTGOMERY, HUGH LOWELL:SCHINZEL, ANDRZEJ BOBOLA MARIA
MONTGOMERY, HUGH LOWELL:TENENBAUM, GERALD
MONTGOMERY, HUGH LOWELL:VAALER, JEFFREY DAVID
MONTGOMERY, HUGH LOWELL:VAUGHAN, ROBERT CHARLES
MONTGOMERY, PETER LAWRENCE*:ROTHSCHILD, BRUCE LEE
MONTGOMERY, PETER LAWRENCE*:SPENCER, JOEL HAROLD
MONTGOMERY, PETER LAWRENCE*:STRAUS, ERNST GABOR*
MONTGOMERY, PETER LAWRENCE*:WAGSTAFF, SAMUEL STANDFIELD, JR.
MOON, JOHN WESLEY:MOSER, LEO*
MOON, JOHN WESLEY:PULLMAN, NORMAN JAY*
MOON, JOHN WESLEY:SZEKELY, LASZLO ALADAR
MORAN, SHLOMO:SILBERMAN, GABRIEL M.
MORAN, SHLOMO:ZAKS, SHMUEL
MORTON, RICHARD PATRICK:SHALLIT, JEFFREY OUTLAW
MULLIN, RONALD CLEVELAND:RICHMOND, LAWRENCE BRUCE
MULLIN, RONALD CLEVELAND:ROSA, ALEXANDER
MULLIN, RONALD CLEVELAND:SINGHI, NAVIN MADHAVPRASAD
MULLIN, RONALD CLEVELAND:SOS, VERA TURAN
MULLIN, RONALD CLEVELAND:STINSON, DOUGLAS ROBERT
MULLIN, RONALD CLEVELAND:WILSON, RICHARD MICHAEL
MURTY, MARUTI RAM PEDAPROLU:MURTY, VIJAYA KUMAR PEDAPROLU
MURTY, MARUTI RAM PEDAPROLU:SHOREY, TARLOK NATH
MURTY, MARUTI RAM PEDAPROLU:STEWART, CAMERON LEIGH
MURTY, VIJAYA KUMAR PEDAPROLU:SHOREY, TARLOK NATH
NATHANSON, MELVYN BERNARD:RUZSA, IMRE Z.
NATHANSON, MELVYN BERNARD:SARKOZY, ANDRAS
NATHANSON, MELVYN BERNARD:TENENBAUM, GERALD
NATHANSON, MELVYN BERNARD:TETALI, PRASAD VENKATA SITARAMA VARA
NESETRIL, JAROSLAV:PHELPS, KEVIN THOMAS
NESETRIL, JAROSLAV:RODL, VOJTECH
NESETRIL, JAROSLAV:ROSENFELD, MOSHE^1
NESETRIL, JAROSLAV:SACHS, HORST*
NESETRIL, JAROSLAV:SCHELP, RICHARD HERBERT*
NESETRIL, JAROSLAV:SHELAH, SAHARON
NESETRIL, JAROSLAV:TUZA, ZSOLT
NESETRIL, JAROSLAV:VALTR, PAVEL^1
NESETRIL, JAROSLAV:WORMALD, NICHOLAS CHARLES
NEVEU, JACQUES*:RENYI, ALFRED A.*
NEWMAN, DONALD JOSEPH*:PARSONS, TORRENCE DOUGLAS*
NEWMAN, DONALD JOSEPH*:REDDY, A. R.
NEWMAN, DONALD JOSEPH*:RICHARDS, JONATHAN IAN*
NEWMAN, DONALD JOSEPH*:RUBEL, LEE ALBERT*
NEWMAN, DONALD JOSEPH*:SHAPIRO, HAROLD SEYMOUR
NEWMAN, DONALD JOSEPH*:SHISHA, OVED*
NICOLAS, JEAN-LOUIS:POMERANCE, CARL BERNARD
NICOLAS, JEAN-LOUIS:RUZSA, IMRE Z.
NICOLAS, JEAN-LOUIS:SARKOZY, ANDRAS
NICOLAS, JEAN-LOUIS:SCHINZEL, ANDRZEJ BOBOLA MARIA
NICOLAS, JEAN-LOUIS:SZALAY, MIHALY
NICOLAS, JEAN-LOUIS:TENENBAUM, GERALD
NORTON, DONALD ALAN:STEIN, SHERMAN KOPALD
ODLYZKO, ANDREW MICHAEL:PUDAITE, PAUL ROZARLIEN
ODLYZKO, ANDREW MICHAEL:REZNICK, BRUCE ARIE
ODLYZKO, ANDREW MICHAEL:RICHMOND, LAWRENCE BRUCE
ODLYZKO, ANDREW MICHAEL:SARKOZY, ANDRAS
ODLYZKO, ANDREW MICHAEL:SZEKERES, GEORGE*
ODLYZKO, ANDREW MICHAEL:WORMALD, NICHOLAS CHARLES
OELLERMANN, ORTRUD R.:PIPPERT, RAYMOND ELMER
OELLERMANN, ORTRUD R.:SCHWENK, ALLEN JOHN CARL
OELLERMANN, ORTRUD R.:SWART, HENDRIKA CORNELIA SCOTT (HENDA)*
ORDMAN, EDWARD THORNE:PULLMAN, NORMAN JAY*
ORDMAN, EDWARD THORNE:ROUSSEAU, CECIL CLYDE, JR.*
ORDMAN, EDWARD THORNE:SCHELP, RICHARD HERBERT*
ORDMAN, EDWARD THORNE:TUZA, ZSOLT
ORDMAN, EDWARD THORNE:ZALCSTEIN, YECHEZKEL
OXTOBY, JOHN C.*:ULAM, STANISLAW MARCIN*
PACH, JANOS:POLLACK, RICHARD M.*
PACH, JANOS:PYBER, LASZLO
PACH, JANOS:RODL, VOJTECH
PACH, JANOS:ROGERS, CLAUDE AMBROSE*
PACH, JANOS:RUZSA, IMRE Z.
PACH, JANOS:SAUER, NORBERT W.
PACH, JANOS:SCHULMAN, LEONARD J. Y.
PACH, JANOS:SIMONOVITS, MIKLOS
PACH, JANOS:SPENCER, JOEL HAROLD
PACH, JANOS:SZEGEDY, MARIO
PACH, JANOS:SZEKELY, LASZLO ALADAR
PACH, JANOS:SZEMEREDI, ENDRE
PACH, JANOS:TUZA, ZSOLT
PACH, JANOS:VALTR, PAVEL^1
PALFY, PETER PAL:PYBER, LASZLO
PALFY, PETER PAL:SERESS, AKOS*
PALFY, PETER PAL:SZALAY, MIHALY
PALFY, PETER PAL:SZEGEDY, MARIO
PALKA, ZBIGNIEW J.:SPENCER, JOEL HAROLD
PALMER, EDGAR MILAN*:ROBINSON, ROBERT WILLIAM
PALMER, EDGAR MILAN*:SCHWENK, ALLEN JOHN CARL
PARSONS, TORRENCE DOUGLAS*:SCHELP, RICHARD HERBERT*
PENNEY, DAVID EMORY, III*:POMERANCE, CARL BERNARD
PHELPS, KEVIN THOMAS:RODL, VOJTECH
PHELPS, KEVIN THOMAS:ROSA, ALEXANDER
PHELPS, KEVIN THOMAS:STINSON, DOUGLAS ROBERT
PHELPS, KEVIN THOMAS:WINKLER, PETER MANN
PINKUS, ALLAN MARK:SHISHA, OVED*
PINKUS, ALLAN MARK:TOTIK, VILMOS
PIPPERT, RAYMOND ELMER:WEAKLEY, WILLIAM DOUGLAS
PIRANIAN, GEORGE*:SHIELDS, ALLEN LOWELL*
POLLACK, RICHARD M.*:SHAPIRO, HAROLD NATHANIEL*
POLLACK, RICHARD M.*:SPENCER, JOEL HAROLD
POLLACK, RICHARD M.*:TUZA, ZSOLT
POLLARD, HARRY*:SHISHA, OVED*
POMERANCE, CARL BERNARD:RUBEL, LEE ALBERT*
POMERANCE, CARL BERNARD:SAKS, MICHAEL EZRA
POMERANCE, CARL BERNARD:SARKOZY, ANDRAS
POMERANCE, CARL BERNARD:SCHINZEL, ANDRZEJ BOBOLA MARIA
POMERANCE, CARL BERNARD:SCHMUTZ, ERIC JONATHAN
POMERANCE, CARL BERNARD:SELFRIDGE, JOHN LEWIS*
POMERANCE, CARL BERNARD:SHALLIT, JEFFREY OUTLAW
POMERANCE, CARL BERNARD:SPIRO-SILVERMAN, CLAUDIA ALISON
POMERANCE, CARL BERNARD:STEWART, CAMERON LEIGH
POMERANCE, CARL BERNARD:STRAUS, ERNST GABOR*
POMERANCE, CARL BERNARD:TENENBAUM, GERALD
POMERANCE, CARL BERNARD:VAUGHAN, ROBERT CHARLES
POMERANCE, CARL BERNARD:WAGSTAFF, SAMUEL STANDFIELD, JR.
PREISS, DAVID:RODL, VOJTECH
PRINS, GEERT CALEB ERNST*:SCHNITZER, FRANZ JOSEF*
PRINS, GEERT CALEB ERNST*:TUTTE, WILLIAM THOMAS*
PUDAITE, PAUL ROZARLIEN:REZNICK, BRUCE ARIE
PULLMAN, NORMAN JAY*:WORMALD, NICHOLAS CHARLES
PURDY, GEORGE BARRY*:SIMMONS, GUSTAVUS JAMES
PURDY, GEORGE BARRY*:STRAUS, ERNST GABOR*
PURDY, GEORGE BARRY*:WAGSTAFF, SAMUEL STANDFIELD, JR.
PURDY, GEORGE BARRY*:WEST, DOUGLAS BRENT
PYBER, LASZLO:RODL, VOJTECH
PYBER, LASZLO:SERESS, AKOS*
PYBER, LASZLO:SZEMEREDI, ENDRE
PYBER, LASZLO:TUZA, ZSOLT
RAMACHANDRA, KANAKANAHALLI*:SHOREY, TARLOK NATH
RAMACHANDRA, KANAKANAHALLI*:SUBBARAO, MATUKUMALLI VENKATA*
RAMACHANDRA, KANAKANAHALLI*:TIJDEMAN, ROBERT
RAO, SIDDANI BHASKARA:SIMONOVITS, MIKLOS
RAO, SIDDANI BHASKARA:SINGHI, NAVIN MADHAVPRASAD
RAO, SIDDANI BHASKARA:SOS, VERA TURAN
RAUZY, GERARD*:SANDOR, CSABA
RAUZY, GERARD*:SARKOZY, ANDRAS
REDDY, A. R.:SHISHA, OVED*
REID, TALMAGE JAMES:SCHELP, RICHARD HERBERT*
REID, TALMAGE JAMES:STATON, WILLIAM ALFRED, III
RENYI, ALFRED A.*:REVESZ, PAL
RENYI, ALFRED A.*:SOS, VERA TURAN
RENYI, ALFRED A.*:SURANYI, JANOS*
RENYI, ALFRED A.*:SZEKERES, GEORGE*
RENYI, ALFRED A.*:SZUSZ, PETER*
RENYI, ALFRED A.*:TURAN, PAL*
RENYI, ALFRED A.*:URBANIK, KAZIMIERZ*
RENYI, ALFRED A.*:VINCZE, ISTVAN*
REZNICK, BRUCE ARIE:WEST, DOUGLAS BRENT
RICHMOND, LAWRENCE BRUCE:ROBINSON, ROBERT WILLIAM
RICHMOND, LAWRENCE BRUCE:SHALLIT, JEFFREY OUTLAW
RICHMOND, LAWRENCE BRUCE:SUBBARAO, MATUKUMALLI VENKATA*
RICHMOND, LAWRENCE BRUCE:SZEKERES, GEORGE*
RICHMOND, LAWRENCE BRUCE:WORMALD, NICHOLAS CHARLES
RIESEL, HANS*:VAUGHAN, ROBERT CHARLES
ROBINSON, ROBERT WILLIAM:SCHWENK, ALLEN JOHN CARL
ROBINSON, ROBERT WILLIAM:WORMALD, NICHOLAS CHARLES
RODL, VOJTECH:SAUER, NORBERT W.
RODL, VOJTECH:SCHELP, RICHARD HERBERT*
RODL, VOJTECH:SERESS, AKOS*
RODL, VOJTECH:SIMONOVITS, MIKLOS
RODL, VOJTECH:SPENCER, JOEL HAROLD
RODL, VOJTECH:SZEMEREDI, ENDRE
RODL, VOJTECH:TETALI, PRASAD VENKATA SITARAMA VARA
RODL, VOJTECH:TOVEY, CRAIG AARON
RODL, VOJTECH:TROTTER, WILLIAM THOMAS, JR.
RODL, VOJTECH:TUZA, ZSOLT
RODL, VOJTECH:WILSON, RICHARD MICHAEL
RODL, VOJTECH:WINKLER, PETER MANN
ROGERS, CLAUDE AMBROSE*:TAYLOR, SAMUEL JAMES*
ROSA, ALEXANDER:SIRAN, JOZEF
ROSA, ALEXANDER:STINSON, DOUGLAS ROBERT
ROSENFELD, MOSHE^1:SHELAH, SAHARON
ROTHSCHILD, BRUCE LEE:SINGHI, NAVIN MADHAVPRASAD
ROTHSCHILD, BRUCE LEE:SOS, VERA TURAN
ROTHSCHILD, BRUCE LEE:SPENCER, JOEL HAROLD
ROTHSCHILD, BRUCE LEE:STRAUS, ERNST GABOR*
ROTHSCHILD, BRUCE LEE:VAN LINT, JACOBUS HENDRICUS*
ROUSSEAU, CECIL CLYDE, JR.*:SCHELP, RICHARD HERBERT*
ROUSSEAU, CECIL CLYDE, JR.*:SCHUSTER, SEYMOUR
ROUSSEAU, CECIL CLYDE, JR.*:TUZA, ZSOLT
RUBEL, LEE ALBERT*:SCHINZEL, ANDRZEJ BOBOLA MARIA
RUBEL, LEE ALBERT*:SHIELDS, ALLEN LOWELL*
RUBEL, LEE ALBERT*:STRAUS, ERNST GABOR*
RUBIN, ARTHUR LEONARD:TAYLOR, HERBERT
RUDIN, MARY ELLEN ESTILL*:SHELAH, SAHARON
RUSZINKO, MIKLOS:SARKOZY, GABOR NAUM
RUSZINKO, MIKLOS:SCHELP, RICHARD HERBERT*
RUSZINKO, MIKLOS:SZEKELY, LASZLO ALADAR
RUSZINKO, MIKLOS:SZEMEREDI, ENDRE
RUZSA, IMRE Z.:SARKOZY, ANDRAS
RUZSA, IMRE Z.:SCHINZEL, ANDRZEJ BOBOLA MARIA
RUZSA, IMRE Z.:STRAUS, ERNST GABOR*
RUZSA, IMRE Z.:SZEMEREDI, ENDRE
RUZSA, IMRE Z.:TAYLOR, HERBERT
RUZSA, IMRE Z.:TENENBAUM, GERALD
RUZSA, IMRE Z.:TIJDEMAN, ROBERT
RUZSA, IMRE Z.:TUZA, ZSOLT
SACHS, HORST*:WILSON, ROBIN JAMES
SAFFARI, BAHMAN:SHAPIRO, HAROLD SEYMOUR
SAFFARI, BAHMAN:SMITH, BRENT PENDLETON*
SAFFARI, BAHMAN:TENENBAUM, GERALD
SAFFARI, BAHMAN:VAUGHAN, ROBERT CHARLES
SAKS, MICHAEL EZRA:SOS, VERA TURAN
SAKS, MICHAEL EZRA:SZEGEDY, MARIO
SAKS, MICHAEL EZRA:SZEKELY, LASZLO ALADAR
SAKS, MICHAEL EZRA:THOMASSEN, CARSTEN
SAKS, MICHAEL EZRA:TROTTER, WILLIAM THOMAS, JR.
SALAT, TIBOR*:SCHINZEL, ANDRZEJ BOBOLA MARIA
SALAT, TIBOR*:TAYLOR, SAMUEL JAMES*
SALAT, TIBOR*:TIJDEMAN, ROBERT
SALAT, TIBOR*:TOTH, JANOS T.
SANDOR, CSABA:SARKOZY, ANDRAS
SARKOZY, ANDRAS:SARKOZY, GABOR NAUM
SARKOZY, ANDRAS:SIMONOVITS, MIKLOS
SARKOZY, ANDRAS:SOS, VERA TURAN
SARKOZY, ANDRAS:STEWART, CAMERON LEIGH
SARKOZY, ANDRAS:SZALAY, MIHALY
SARKOZY, ANDRAS:SZEMEREDI, ENDRE
SARKOZY, GABOR NAUM:SCHELP, RICHARD HERBERT*
SARKOZY, GABOR NAUM:SELKOW, STANLEY MELVYN
SARKOZY, GABOR NAUM:SZEMEREDI, ENDRE
SAUER, NORBERT W.:SCHAER, JONATHAN
SAUER, NORBERT W.:SCHONHEIM, JOHANAN*
SAUER, NORBERT W.:SIRAN, JOZEF
SAUER, NORBERT W.:SPENCER, JOEL HAROLD
SCHAER, JONATHAN:SPENCER, JOEL HAROLD
SCHELP, RICHARD HERBERT*:SCHUSTER, SEYMOUR
SCHELP, RICHARD HERBERT*:SHREVE, WARREN EUGENE
SCHELP, RICHARD HERBERT*:SIMONOVITS, MIKLOS
SCHELP, RICHARD HERBERT*:SOS, VERA TURAN
SCHELP, RICHARD HERBERT*:STATON, WILLIAM ALFRED, III
SCHELP, RICHARD HERBERT*:TUZA, ZSOLT
SCHELP, RICHARD HERBERT*:WEST, DOUGLAS BRENT
SCHINZEL, ANDRZEJ BOBOLA MARIA:SHOREY, TARLOK NATH
SCHINZEL, ANDRZEJ BOBOLA MARIA:SZEKERES, GEORGE*
SCHINZEL, ANDRZEJ BOBOLA MARIA:TIJDEMAN, ROBERT
SCHNITZER, FRANZ JOSEF*:SEIDEL, WLADIMIR P.*
SCHNITZER, FRANZ JOSEF*:SHIELDS, ALLEN LOWELL*
SCHWENK, ALLEN JOHN CARL:SWART, HENDRIKA CORNELIA SCOTT (HENDA)*
SCHWENK, ALLEN JOHN CARL:THOMASSEN, CARSTEN
SCHWENK, ALLEN JOHN CARL:WILSON, ROBIN JAMES
SELFRIDGE, JOHN LEWIS*:STRAUS, ERNST GABOR*
SELFRIDGE, JOHN LEWIS*:SZEKERES, ESTHER KLEIN*
SELFRIDGE, JOHN LEWIS*:WAGSTAFF, SAMUEL STANDFIELD, JR.
SELKOW, STANLEY MELVYN:SZEMEREDI, ENDRE
SERESS, AKOS*:SZEKELY, LASZLO ALADAR
SERESS, AKOS*:WEST, DOUGLAS BRENT
SHALLIT, JEFFREY OUTLAW:SZEGEDY, MARIO
SHAPIRO, HAROLD SEYMOUR:SHIELDS, ALLEN LOWELL*
SHAPIRO, HAROLD SEYMOUR:TENENBAUM, GERALD
SHARMA, AMBIKESHWAR*:STRAUS, ERNST GABOR*
SHARMA, AMBIKESHWAR*:SZABADOS, JOZSEF
SHARMA, AMBIKESHWAR*:VARMA, ARUN KUMAR*
SHARMA, AMBIKESHWAR*:VERTESI, PETER O. H.
SHELAH, SAHARON:SOIFER, ALEXANDER
SHELAH, SAHARON:SPENCER, JOEL HAROLD
SHOREY, TARLOK NATH:STEWART, CAMERON LEIGH
SHOREY, TARLOK NATH:TIJDEMAN, ROBERT
SILBERMAN, GABRIEL M.:ZAKS, SHMUEL
SILVERMAN, RUTH*:STEIN, ALAN H.
SIMMONS, GUSTAVUS JAMES:STRAUS, ERNST GABOR*
SIMONOVITS, MIKLOS:SOS, VERA TURAN
SIMONOVITS, MIKLOS:SPENCER, JOEL HAROLD
SIMONOVITS, MIKLOS:SZEMEREDI, ENDRE
SIRAN, JOZEF:TUZA, ZSOLT
SOS, VERA TURAN:STINSON, DOUGLAS ROBERT
SOS, VERA TURAN:STRAUS, ERNST GABOR*
SOS, VERA TURAN:SZEKERES, GEORGE*
SOS, VERA TURAN:SZEMEREDI, ENDRE
SOS, VERA TURAN:TURAN, PAL*
SOS, VERA TURAN:VESZTERGOMBI, KATALIN L.
SOS, VERA TURAN:WILSON, RICHARD MICHAEL
SOS, VERA TURAN:ZAREMBA, STANISLAW KRYSTYN*
SPENCER, JOEL HAROLD:STRAUS, ERNST GABOR*
SPENCER, JOEL HAROLD:SZEMEREDI, ENDRE
SPENCER, JOEL HAROLD:TETALI, PRASAD VENKATA SITARAMA VARA
SPENCER, JOEL HAROLD:TROTTER, WILLIAM THOMAS, JR.
SPENCER, JOEL HAROLD:VESZTERGOMBI, KATALIN L.
SPENCER, JOEL HAROLD:WEST, DOUGLAS BRENT
SPENCER, JOEL HAROLD:WINKLER, PETER MANN
SPENCER, JOEL HAROLD:WORMALD, NICHOLAS CHARLES
STEWART, CAMERON LEIGH:TENENBAUM, GERALD
STEWART, CAMERON LEIGH:TIJDEMAN, ROBERT
STONE, ARTHUR HAROLD*:TUTTE, WILLIAM THOMAS*
STRAUS, ERNST GABOR*:SUBBARAO, MATUKUMALLI VENKATA*
STRAUS, ERNST GABOR*:SZEKERES, GEORGE*
SUEN, W.-C. STEPHEN*:WINKLER, PETER MANN
SUN, HUI CHENG:SZEKELY, LASZLO ALADAR
SURANYI, JANOS*:SZALAY, MIHALY
SURANYI, JANOS*:TURAN, PAL*
SZABADOS, JOZSEF:VARMA, ARUN KUMAR*
SZABADOS, JOZSEF:VERTESI, PETER O. H.
SZALAY, MIHALY:TURAN, PAL*
SZALAY, MIHALY:WILLIAMSON, ALAN GLYNNE
SZEGO, GABOR*:TURAN, PAL*
SZEKELY, LASZLO ALADAR:TUZA, ZSOLT
SZEKELY, LASZLO ALADAR:WORMALD, NICHOLAS CHARLES
SZEKERES, ESTHER KLEIN*:SZEKERES, GEORGE*
SZEKERES, GEORGE*:TURAN, PAL*
SZEKERES, GEORGE*:WORMALD, NICHOLAS CHARLES
SZEMEREDI, ENDRE:TROTTER, WILLIAM THOMAS, JR.
SZEMEREDI, ENDRE:TUZA, ZSOLT
SZUSZ, PETER*:TURAN, PAL*
SZUSZ, PETER*:VINCZE, ISTVAN*
SZUSZ, PETER*:VOLKMANN, BODO
TAYLOR, SAMUEL JAMES*:TOTH, JANOS T.
TETALI, PRASAD VENKATA SITARAMA VARA:WINKLER, PETER MANN
TOVEY, CRAIG AARON:WEST, DOUGLAS BRENT
TROTTER, WILLIAM THOMAS, JR.:TUZA, ZSOLT
TROTTER, WILLIAM THOMAS, JR.:WEST, DOUGLAS BRENT
TROTTER, WILLIAM THOMAS, JR.:WINKLER, PETER MANN
TUZA, ZSOLT:VALTR, PAVEL^1
TUZA, ZSOLT:WEST, DOUGLAS BRENT
ULAM, STANISLAW MARCIN*:YAO, FOONG FRANCES
VAN KAMPEN, EGBERTUS RUDOLF*:WINTNER, AUREL FRIEDRICH*
VAN LINT, JACOBUS HENDRICUS*:WILSON, RICHARD MICHAEL
VARMA, ARUN KUMAR*:VERTESI, PETER O. H.
WANG, JIAN-FANG:WEST, DOUGLAS BRENT
WEST, DOUGLAS BRENT:ZAKS, SHMUEL
